year,month,country,region,avg_temp_c,precipitation_mm,air_quality_index,uv_index,malaria_cases,dengue_cases,population_density,healthcare_budget,data_type,malaria_lag_1,malaria_lag_2,dengue_lag_1,dengue_lag_2,rainfall_lag_1,temp_lag_1,quarter,log_malaria,log_dengue
2020,3,Burkina Faso,West,39.83432548074181,153.1538463264622,45.92995565556159,12.0,34275,1827,380,2861,real,33633.0,25843.0,1704.0,1635.0,91.4176378359592,38.82602748895047,1,10.442200679789009,7.510977752014095
2020,4,Burkina Faso,West,38.714310318103486,176.76596525102784,24.54207947711097,12.0,47696,1873,380,2861,real,34275.0,33633.0,1827.0,1704.0,153.1538463264622,39.83432548074181,2,10.772623781816819,7.535830462798367
2020,5,Burkina Faso,West,36.248977082187245,157.56199340896407,33.10721287117508,12.0,43367,1896,380,2861,real,47696.0,34275.0,1873.0,1827.0,176.76596525102784,38.714310318103486,2,10.677477120940175,7.5480289699350145
2020,6,Burkina Faso,West,30.64242700414901,191.90403008810176,25.336045031306497,12.0,42419,1750,380,2861,real,43367.0,47696.0,1896.0,1873.0,157.56199340896407,36.248977082187245,2,10.655375228118674,7.467942332285852
2020,7,Burkina Faso,West,30.8391801360634,294.86780906755007,20.10533304052879,12.0,37511,2061,380,2861,real,42419.0,43367.0,1750.0,1896.0,191.90403008810176,30.64242700414901,3,10.532416160769422,7.631431664576906
2020,8,Burkina Faso,West,22.30862410874441,212.7922368477444,29.751406892255304,11.069657213525389,56110,2131,380,2861,real,37511.0,42419.0,2061.0,1750.0,294.86780906755007,30.8391801360634,3,10.935087150721298,7.664815785285735
2020,9,Burkina Faso,West,23.12347666016254,150.91475731465746,33.16023678776294,12.0,49179,2098,380,2861,real,56110.0,37511.0,2131.0,2061.0,212.7922368477444,22.30862410874441,3,10.803242315770184,7.649216319820633
2020,10,Burkina Faso,West,19.455536559994087,117.71162922327564,10.113765111225916,12.0,52438,2310,380,2861,real,49179.0,56110.0,2098.0,2131.0,150.91475731465746,23.12347666016254,4,10.86740586828315,7.745435610274381
2020,11,Burkina Faso,West,23.732026341985048,151.4308394653817,11.01194735657046,12.0,31830,1635,380,2861,real,52438.0,49179.0,2310.0,2098.0,117.71162922327564,19.455536559994087,4,10.36819593668493,7.400009517162692
2020,12,Burkina Faso,West,30.80798850575421,193.92044918505167,23.98578081176416,12.0,32159,1586,380,2861,real,31830.0,52438.0,1635.0,2310.0,151.4308394653817,23.732026341985048,4,10.378478723292902,7.369600720526409
2021,1,Burkina Faso,West,35.46429517846743,116.33645752716843,0.0,12.0,32894,1231,380,2861,real,32159.0,31830.0,1586.0,1635.0,193.92044918505167,30.80798850575421,1,10.401075949520099,7.116394144093465
2021,2,Burkina Faso,West,37.99686403735301,135.6044447478909,28.939653244601587,12.0,30032,1376,380,2861,real,32894.0,32159.0,1231.0,1586.0,116.33645752716843,35.46429517846743,1,10.310052056087594,7.227662498728655
2021,3,Burkina Faso,West,38.26579746545654,285.98224414512487,0.0,12.0,35124,1746,380,2861,real,30032.0,32894.0,1376.0,1231.0,135.6044447478909,37.99686403735301,1,10.466668406636046,7.465655310134056
2021,4,Burkina Faso,West,38.020978609879,108.22723336023395,10.00522817096578,12.0,37017,1991,380,2861,real,35124.0,30032.0,1746.0,1376.0,285.98224414512487,38.26579746545654,2,10.519159559816663,7.596894438144544
2021,5,Burkina Faso,West,36.86753828246706,205.66152028987364,0.0,12.0,33862,1693,380,2861,real,37017.0,35124.0,1991.0,1746.0,108.22723336023395,38.020978609879,2,10.4300782518805,7.434847875211999
2021,6,Burkina Faso,West,31.775066131365712,225.7346059986907,38.44106845497171,12.0,46260,2204,380,2861,real,33862.0,37017.0,1693.0,1991.0,205.66152028987364,36.86753828246706,2,10.742054552499475,7.6984827878809465
2021,7,Burkina Faso,West,26.789530407322864,309.5061823532211,32.311248601024886,12.0,51549,2344,380,2861,real,46260.0,33862.0,2204.0,1693.0,225.7346059986907,31.775066131365712,3,10.850307489445106,7.76004068088038
2021,8,Burkina Faso,West,22.865870664307995,234.6820408624606,71.89611574414555,11.561738287759033,50211,2587,380,2861,real,51549.0,46260.0,2344.0,2204.0,309.5061823532211,26.789530407322864,3,10.8240093209381,7.858640655620791
2021,9,Burkina Faso,West,22.24525171749516,78.76152550939779,19.287731378289934,12.0,48818,2087,380,2861,real,50211.0,51549.0,2587.0,2344.0,234.6820408624606,22.865870664307995,3,10.795874860328723,7.643961949002529
2021,10,Burkina Faso,West,26.107974103525844,218.41872424471924,33.04029596854316,12.0,40461,2057,380,2861,real,48818.0,50211.0,2087.0,2587.0,78.76152550939779,22.24525171749516,4,10.60811854103736,7.629489916393995
2021,11,Burkina Faso,West,30.794008937017708,190.62705355747264,28.12281821745303,12.0,31728,1856,380,2861,real,40461.0,48818.0,2057.0,2087.0,218.41872424471924,26.107974103525844,4,10.364986368165066,7.526717561352706
2021,12,Burkina Faso,West,33.01686481385055,102.56758665926644,14.649204227091886,12.0,32906,1443,380,2861,real,31728.0,40461.0,1856.0,2057.0,190.62705355747264,30.794008937017708,4,10.401440680079444,7.275172319452771
2022,1,Burkina Faso,West,34.438048276321254,202.87328230486824,41.64076260162935,12.0,33246,1344,380,2861,real,32906.0,31728.0,1443.0,1856.0,102.56758665926644,33.01686481385055,1,10.41171981644952,7.20414929203594
2022,2,Burkina Faso,West,39.944616370391344,87.18193519140229,17.081553340373887,12.0,30541,1460,380,2861,real,33246.0,32906.0,1344.0,1443.0,202.87328230486824,34.438048276321254,1,10.326858064513127,7.2868764117507
2022,3,Burkina Faso,West,38.58073660632089,112.5141337490383,1.1151228754578568,12.0,39421,1704,380,2861,real,30541.0,33246.0,1460.0,1344.0,87.18193519140229,39.944616370391344,1,10.582079315086874,7.4413203897176174
2022,4,Burkina Faso,West,36.75859822294649,189.95225450626984,34.1240620139683,12.0,40839,1541,380,2861,real,39421.0,30541.0,1704.0,1460.0,112.5141337490383,38.58073660632089,2,10.617417272278601,7.340835554123275
2022,5,Burkina Faso,West,36.33372592344375,199.4581428562166,31.287367217556792,12.0,46757,1787,380,2861,real,40839.0,39421.0,1541.0,1704.0,189.95225450626984,36.75859822294649,2,10.752740643071617,7.488852955733459
2022,6,Burkina Faso,West,33.17448682275755,311.9677041246933,44.14244536471955,12.0,48605,1857,380,2861,real,46757.0,40839.0,1787.0,1541.0,199.4581428562166,36.33372592344375,2,10.791502259058547,7.527255919373784
2022,7,Burkina Faso,West,27.34036985178112,296.82694315288137,0.0,10.842744383302426,65314,2547,380,2861,real,48605.0,46757.0,1857.0,1787.0,311.9677041246933,33.17448682275755,3,11.086976997920663,7.843064016692054
2022,8,Burkina Faso,West,22.20728192550236,266.337792508826,67.47192761558141,11.770550963796326,59657,1802,380,2861,real,65314.0,48605.0,2547.0,1857.0,296.82694315288137,27.34036985178112,3,10.996383534208128,7.497207223203318
2022,9,Burkina Faso,West,27.03134243824654,87.33671643044768,25.33629951474782,12.0,43928,1614,380,2861,real,59657.0,65314.0,1802.0,2547.0,266.337792508826,22.20728192550236,3,10.690329973223367,7.387090235656757
2022,10,Burkina Faso,West,21.65547454395015,109.07345761317208,19.460989662240426,12.0,52524,2083,380,2861,real,43928.0,59657.0,1614.0,1802.0,87.33671643044768,27.03134243824654,4,10.869044525713202,7.642044402873258
2022,11,Burkina Faso,West,28.019398289724773,200.72276424448629,35.8432267059227,12.0,49233,2351,380,2861,real,52524.0,43928.0,2083.0,1614.0,109.07345761317208,21.65547454395015,4,10.804339720721092,7.763021309018518
2022,12,Burkina Faso,West,33.25090103557187,223.24473632744656,31.64854625481057,12.0,44713,1785,380,2861,real,49233.0,52524.0,2351.0,2083.0,200.72276424448629,28.019398289724773,4,10.708041930670204,7.487733761436444
2023,1,Burkina Faso,West,35.40043670779436,194.5554348330367,0.0,12.0,31586,1354,380,2861,real,44713.0,49233.0,1785.0,2351.0,223.24473632744656,33.25090103557187,1,10.360500922524869,7.2115567333138015
2023,2,Burkina Faso,West,40.2731698114212,80.91472373233648,49.79500032519215,10.955350160832232,30115,1547,380,2861,real,31586.0,44713.0,1354.0,1785.0,194.5554348330367,35.40043670779436,1,10.312811870970013,7.344719054149673
2023,3,Burkina Faso,West,41.56432709376005,192.7316782999652,9.41749700800186,12.0,45094,1462,380,2861,real,30115.0,31586.0,1547.0,1354.0,80.91472373233648,40.2731698114212,1,10.716526654599809,7.288244401020124
2023,4,Burkina Faso,West,39.434940687348416,196.7014786626748,38.110343294973646,12.0,34586,1207,380,2861,real,45094.0,30115.0,1462.0,1547.0,192.7316782999652,41.56432709376005,2,10.451233167901064,7.0967213784947605
2023,5,Burkina Faso,West,33.60817795511699,105.64235317007756,33.69938773898102,12.0,29158,1461,380,2861,real,34586.0,45094.0,1207.0,1462.0,196.7014786626748,39.434940687348416,2,10.280518891981744,7.2875606403097235
2023,6,Burkina Faso,West,31.003867558320785,239.92291656324807,10.723513347514569,12.0,34277,1876,380,2861,real,29158.0,34586.0,1461.0,1207.0,105.64235317007756,33.60817795511699,2,10.442259027952517,7.537430036586509
2023,7,Burkina Faso,West,31.668741967619805,266.0245657352907,46.816070615203216,12.0,41497,1742,380,2861,real,34277.0,29158.0,1876.0,1461.0,239.92291656324807,31.003867558320785,3,10.633400512286396,7.463363045520021
2023,8,Burkina Faso,West,25.21508590846861,185.8554016534948,0.0,12.0,54215,2329,380,2861,real,41497.0,34277.0,1742.0,1876.0,266.0245657352907,31.668741967619805,3,10.900731346815949,7.753623546559746
2023,9,Burkina Faso,West,23.758850668922307,212.0494488066047,1.4483897587589991,12.0,54882,2094,380,2861,real,54215.0,41497.0,2329.0,1742.0,185.8554016534948,25.21508590846861,3,10.912958925628738,7.647308832356238
2023,10,Burkina Faso,West,20.88969058923233,161.86409752006034,23.849645141841208,12.0,50031,1927,380,2861,real,54882.0,54215.0,2094.0,2329.0,212.0494488066047,23.758850668922307,4,10.820418079697623,7.564238475170491
2023,11,Burkina Faso,West,24.648258362927763,203.9105761039034,40.55634051530508,10.285147135153457,45691,1418,380,2861,real,50031.0,54882.0,1927.0,2094.0,161.86409752006034,20.88969058923233,4,10.729678506853837,7.257707677160043
2023,12,Burkina Faso,West,31.320857195527424,200.4971958579986,23.232909873502507,12.0,31245,1543,380,2861,real,45691.0,50031.0,1418.0,1927.0,203.9105761039034,24.648258362927763,4,10.349646646971848,7.342131730584722
2024,1,Burkina Faso,West,35.15721557415081,165.39453552370955,29.336076589912786,12.01523029856408,25970,1562,380,2861,synthetic,31245.0,45691.0,1543.0,1418.0,200.4971958579986,31.320857195527424,1,10.164735809883883,7.354362330421477
2024,2,Burkina Faso,West,40.92698987912961,117.91649362644372,27.48455832135132,12.027655771779385,27621,1340,380,2861,synthetic,25970.0,31245.0,1562.0,1543.0,165.39453552370955,35.15721557415081,1,10.226367835637873,7.201170883281678
2024,3,Burkina Faso,West,39.92602713057733,44.09440172208016,0.0,11.99437712470759,39258,2098,380,2861,synthetic,27621.0,25970.0,1340.0,1562.0,117.91649362644372,40.92698987912961,1,10.57793599628853,7.649216319820633
2024,4,Burkina Faso,West,37.188466296267656,110.4990265284925,45.02941575368987,11.997742236995135,40468,1680,380,2861,synthetic,39258.0,27621.0,2098.0,1340.0,44.09440172208016,39.92602713057733,2,10.608291527903145,7.427144133408616
2024,5,Burkina Faso,West,34.962478092838495,172.20622897682097,5.657351160061339,12.003756980183455,33690,1481,380,2861,synthetic,40468.0,39258.0,1680.0,2098.0,110.4990265284925,37.188466296267656,2,10.424986018358423,7.301147805856032
2024,6,Burkina Faso,West,30.96821123861498,336.0791140021621,29.45981065619153,11.989422890710442,53962,2134,380,2861,synthetic,33690.0,40468.0,1481.0,1680.0,172.20622897682097,34.962478092838495,2,10.896053905514576,7.666221925662725
2024,7,Burkina Faso,West,29.67377285683193,255.78421307554495,0.0,11.826564093644082,46777,2241,380,2861,synthetic,53962.0,33690.0,2134.0,1481.0,336.0791140021621,30.96821123861498,3,10.753168285910839,7.715123603632105
2024,8,Burkina Faso,West,22.985301072256743,214.6529539171273,0.0,11.307816283369418,55984,2356,380,2861,synthetic,46777.0,53962.0,2241.0,2134.0,255.78421307554495,29.67377285683193,3,10.932839076694297,7.7651449029361315
2024,9,Burkina Faso,West,24.760890509464502,22.64347378808918,24.184298793975625,11.996149177195838,43155,1766,380,2861,synthetic,55984.0,46777.0,2356.0,2241.0,214.6529539171273,22.985301072256743,3,10.67257673667123,7.4770384723196965
2024,10,Burkina Faso,West,24.99570372406111,198.4237586822904,13.610237145643564,11.996907876241488,39414,1940,380,2861,synthetic,43155.0,55984.0,1766.0,2356.0,22.64347378808918,24.760890509464502,4,10.581901733494009,7.57095858316901
2024,11,Burkina Faso,West,25.241385660008007,182.184076647042,14.523336297592529,10.533665539420983,32350,1326,380,2861,synthetic,39414.0,43155.0,1940.0,1766.0,198.4237586822904,24.99570372406111,4,10.384400211352366,7.190676034332207
2024,12,Burkina Faso,West,32.01081321899737,233.42109284556847,25.896762580074604,11.99354880245395,27811,1582,380,2861,synthetic,32350.0,39414.0,1326.0,1940.0,182.184076647042,25.241385660008007,4,10.23322286121891,7.367077059881012
2025,1,Burkina Faso,West,34.587338219819856,231.81259356360388,0.0,12.008219025043752,30489,1414,380,2861,synthetic,27811.0,32350.0,1582.0,1326.0,233.42109284556847,32.01081321899737,1,10.3251540399823,7.254884810077338
2025,2,Burkina Faso,West,39.3570206794556,49.21752229436354,31.045202188607227,11.928937461120444,31011,1455,380,2861,synthetic,30489.0,27811.0,1414.0,1582.0,231.81259356360388,34.587338219819856,1,10.34212950533885,7.283448228756631
2025,3,Burkina Faso,West,38.34258496298865,148.8557459936329,33.91730718569609,12.003287511096596,35306,1878,380,2861,synthetic,31011.0,30489.0,1455.0,1414.0,49.21752229436354,39.3570206794556,1,10.471836523545772,7.538494999413465
2025,4,Burkina Faso,West,38.34379407325911,207.288908272678,17.91335648335304,11.996723378534025,40588,1879,380,2861,synthetic,35306.0,31011.0,1878.0,1455.0,148.8557459936329,38.34258496298865,2,10.611252372919454,7.539027055823995
2025,5,Burkina Faso,West,36.20092649270861,179.1431749276939,24.607307535805205,11.997654128666248,36277,1832,380,2861,synthetic,40588.0,35306.0,1879.0,1878.0,207.288908272678,38.34379407325911,2,10.498966775917914,7.513709247839705
2025,6,Burkina Faso,West,31.261226192180764,201.79941832316945,27.259418376323147,12.004040508568146,42783,2264,380,2861,synthetic,36277.0,40588.0,1832.0,1879.0,179.1431749276939,36.20092649270861,2,10.66391947990167,7.725330037917135
2025,7,Burkina Faso,West,29.793661914903524,290.4379290283754,0.0,11.6950792914291,46224,2283,380,2861,synthetic,42783.0,36277.0,2264.0,1832.0,201.79941832316945,31.261226192180764,3,10.741276056255325,7.7336835707759
2025,8,Burkina Faso,West,22.87657202918748,235.19590488916168,41.10130580665338,11.12533187259768,45589,2738,380,2861,synthetic,46224.0,42783.0,2283.0,2264.0,290.4379290283754,29.793661914903524,3,10.727443673207487,7.915348169263078
2025,9,Burkina Faso,West,25.699888533952794,75.72180785497466,38.75021971514498,11.985981489372078,37975,2052,380,2861,synthetic,45589.0,46224.0,2738.0,2283.0,235.19590488916168,22.87657202918748,3,10.544709660231154,7.627057417018934
2025,10,Burkina Faso,West,19.17513898914302,123.3956752081915,22.56682444163548,11.994965243458838,39606,2306,380,2861,synthetic,37975.0,45589.0,2052.0,2738.0,75.72180785497466,25.699888533952794,4,10.586761149297775,7.7437032581737535
2025,11,Burkina Faso,West,23.34655433077013,198.1229918592149,16.949440899438244,12.915740855222817,47903,1873,380,2861,synthetic,39606.0,37975.0,2306.0,2052.0,123.3956752081915,19.17513898914302,4,10.776954287219354,7.535830462798367
2025,12,Burkina Faso,West,33.097149278594976,114.60537558350696,24.962650053278168,12.013071427542824,33285,1607,380,2861,synthetic,47903.0,39606.0,1873.0,2306.0,198.1229918592149,23.34655433077013,4,10.412892167146671,7.382746449738912
2020,3,Guinea-Bissau,South,38.90209425948032,72.98752038422094,49.11516622093031,12.0,25815,2215,126,1029,real,21867.0,15786.0,2153.0,1274.0,120.3570554844336,37.1360014891013,1,10.158749733731797,7.703459047867175
2020,4,Guinea-Bissau,South,36.84726423666825,147.96119883371748,57.381597661072846,12.0,27755,1902,126,1029,real,25815.0,21867.0,2215.0,2153.0,72.98752038422094,38.90209425948032,2,10.23120731201944,7.551186867296149
2020,5,Guinea-Bissau,South,30.203934696559624,123.2912890308816,98.134752551245,11.69112478737689,29534,2240,126,1029,real,27755.0,25815.0,1902.0,2215.0,147.96119883371748,36.84726423666825,2,10.293331279741336,7.714677473800927
2020,6,Guinea-Bissau,South,30.401080627220523,219.80871474145044,76.90091692198283,12.0,33581,2254,126,1029,real,29534.0,27755.0,2240.0,1902.0,123.2912890308816,30.203934696559624,2,10.421745488119415,7.720905251936779
2020,7,Guinea-Bissau,South,25.24042992533369,226.5380952759388,78.77882953194123,9.855763499247251,31740,2877,126,1029,real,33581.0,29534.0,2254.0,2240.0,219.80871474145044,30.401080627220523,3,10.365364499570234,7.964850887447313
2020,8,Guinea-Bissau,South,20.756937260460447,202.36250742800067,40.389956301245874,12.0,28263,2279,126,1029,real,31740.0,33581.0,2877.0,2254.0,226.5380952759388,25.24042992533369,3,10.24934418903898,7.731930721948486
2020,9,Guinea-Bissau,South,20.146734501740045,128.64854543994426,47.7983602615775,10.41633989787005,31323,2426,126,1029,real,28263.0,31740.0,2279.0,2877.0,202.36250742800067,20.756937260460447,3,10.352139855870828,7.794411205726601
2020,10,Guinea-Bissau,South,22.06235916476617,218.5100061363129,47.060661691191925,10.95617753665625,25547,2008,126,1029,real,31323.0,28263.0,2426.0,2279.0,128.64854543994426,20.146734501740045,4,10.14831431468148,7.605392364814934
2020,11,Guinea-Bissau,South,24.999136316427368,177.8370281684617,66.16916620276997,12.0,20920,1874,126,1029,real,25547.0,31323.0,2008.0,2426.0,218.5100061363129,22.06235916476617,4,9.948508718183648,7.536363938404511
2020,12,Guinea-Bissau,South,29.04097498487872,116.5436240302506,53.55837774114276,12.0,21081,1118,126,1029,real,20920.0,25547.0,1874.0,2008.0,177.8370281684617,24.999136316427368,4,9.956174874815135,7.020190708311925
2021,1,Guinea-Bissau,South,30.56034362931444,194.389450232868,48.96781475365695,11.45010808176626,24372,1156,126,1029,real,21081.0,20920.0,1118.0,1874.0,116.5436240302506,29.04097498487872,1,10.101231241217606,7.053585727193677
2021,2,Guinea-Bissau,South,35.774748776837164,111.2632392003678,45.2683422405444,12.0,20884,1628,126,1029,real,24372.0,21081.0,1156.0,1118.0,194.389450232868,30.56034362931444,1,9.946786476931276,7.395721608602045
2021,3,Guinea-Bissau,South,32.88237727551445,205.9928279314677,72.917187213085,12.0,29172,2440,126,1029,real,20884.0,24372.0,1628.0,1156.0,111.2632392003678,35.774748776837164,1,10.280998902962642,7.80016307039296
2021,4,Guinea-Bissau,South,34.91774212127759,92.0007889869576,76.72407521379593,12.0,28536,2414,126,1029,real,29172.0,20884.0,2440.0,1628.0,205.9928279314677,32.88237727551445,2,10.258956769878603,7.789454566086673
2021,5,Guinea-Bissau,South,33.86601287281967,143.43881771655347,77.66379335370166,10.421409758868108,39304,2151,126,1029,real,28536.0,29172.0,2414.0,2440.0,92.0007889869576,34.91774212127759,2,10.579107016227857,7.674152921281675
2021,6,Guinea-Bissau,South,25.23078019103497,144.0105020700156,46.29445918562045,12.0,38213,2426,126,1029,real,39304.0,28536.0,2151.0,2414.0,143.43881771655347,33.86601287281967,2,10.550957219599422,7.794411205726601
2021,7,Guinea-Bissau,South,25.79059976878203,125.8800199014199,75.35821690255908,12.0,31043,2365,126,1029,real,38213.0,39304.0,2426.0,2151.0,144.0105020700156,25.23078019103497,3,10.34316083197403,7.768956044538332
2021,8,Guinea-Bissau,South,16.403298961537743,177.42825300645072,61.30185404492012,12.0,29181,2179,126,1029,real,31043.0,38213.0,2365.0,2426.0,125.8800199014199,25.79059976878203,3,10.281307359823968,7.687080155783135
2021,9,Guinea-Bissau,South,19.35919115204278,131.503587557253,66.81710886968261,12.0,26263,3032,126,1029,real,29181.0,31043.0,2179.0,2365.0,177.42825300645072,16.403298961537743,3,10.175954459181428,8.017307507688582
2021,10,Guinea-Bissau,South,21.504063703062823,225.84233759366464,46.84630938058531,12.0,32893,3118,126,1029,real,26263.0,29181.0,3032.0,2179.0,131.503587557253,19.35919115204278,4,10.401045549301214,8.045267716607803
2021,11,Guinea-Bissau,South,23.94805186411141,146.71442895438716,77.70451291412694,12.0,26547,2417,126,1029,real,32893.0,26263.0,3118.0,3032.0,225.84233759366464,21.504063703062823,4,10.186709694265815,7.790696031174738
2021,12,Guinea-Bissau,South,30.871266085092472,132.13286100447593,56.57242118968307,12.0,19399,1901,126,1029,real,26547.0,32893.0,2417.0,3118.0,146.71442895438716,23.94805186411141,4,9.87302834505142,7.550661243105336
2022,1,Guinea-Bissau,South,28.80897037191904,228.4202794519184,110.74078902238668,12.0,19987,1933,126,1029,real,19399.0,26547.0,1901.0,2417.0,132.13286100447593,30.871266085092472,1,9.902887372464095,7.56734567601324
2022,2,Guinea-Bissau,South,34.40270035599726,137.17966554848397,66.87974185741373,11.937880294166412,18335,1338,126,1029,real,19987.0,19399.0,1933.0,1901.0,228.4202794519184,28.80897037191904,1,9.816621619514466,7.199678345691172
2022,3,Guinea-Bissau,South,35.13304392121275,115.55441782375183,37.88584315973373,10.96520256253976,25461,1608,126,1029,real,18335.0,19987.0,1338.0,1933.0,137.17966554848397,34.40270035599726,1,10.144942423621591,7.3833681469923835
2022,4,Guinea-Bissau,South,34.85683692947745,174.0431165865875,94.02941277495876,10.547126106629143,27115,1736,126,1029,real,25461.0,18335.0,1608.0,1338.0,115.55441782375183,35.13304392121275,2,10.207879238550856,7.459914766241105
2022,5,Guinea-Bissau,South,31.00371464194449,64.20673024742031,35.517178638422095,12.0,22817,1477,126,1029,real,27115.0,25461.0,1736.0,1608.0,174.0431165865875,34.85683692947745,2,10.035304977156315,7.298445101508147
2022,6,Guinea-Bissau,South,28.582004395663965,249.32313670869453,48.05580323044306,12.0,39569,2445,126,1029,real,22817.0,27115.0,1477.0,1736.0,64.20673024742031,31.00371464194449,2,10.58582653437947,7.802209316247118
2022,7,Guinea-Bissau,South,22.74711796363119,90.1646660564413,50.64393696406604,12.0,32096,2857,126,1029,real,39569.0,22817.0,2445.0,1477.0,249.32313670869453,28.582004395663965,3,10.376517846806717,7.957877358489813
2022,8,Guinea-Bissau,South,22.42837464470196,218.7490945516389,60.04010295530843,10.583568038062694,30463,2985,126,1029,real,32096.0,39569.0,2857.0,2445.0,90.1646660564413,22.74711796363119,3,10.324300937591092,8.001689978099135
2022,9,Guinea-Bissau,South,22.21449997530633,95.1843868012071,88.74121478887002,12.0,38333,2679,126,1029,real,30463.0,32096.0,2985.0,2857.0,218.7490945516389,22.42837464470196,3,10.554092509830399,7.893572073504902
2022,10,Guinea-Bissau,South,26.16444227475028,193.53180782673243,40.32660950870391,12.0,35546,2730,126,1029,real,38333.0,30463.0,2679.0,2985.0,95.1843868012071,22.21449997530633,4,10.47861104348485,7.912423121473705
2022,11,Guinea-Bissau,South,24.39536211466148,116.44988667062884,67.39990673418448,8.863340345836317,24607,2503,126,1029,real,35546.0,38333.0,2730.0,2679.0,193.53180782673243,26.16444227475028,4,10.11082687230537,7.825644732219989
2022,12,Guinea-Bissau,South,26.30800312290266,82.25189043493184,75.38777844678692,9.502383380261788,21350,2136,126,1029,real,24607.0,35546.0,2503.0,2730.0,116.44988667062884,24.39536211466148,4,9.968853855967382,7.667158255319148
2023,1,Guinea-Bissau,South,34.73250280132145,213.35519474184565,66.87283999258273,12.0,19252,1846,126,1029,real,21350.0,24607.0,2136.0,2503.0,82.25189043493184,26.30800312290266,1,9.865422171729335,7.52131798019924
2023,2,Guinea-Bissau,South,35.49280184709245,189.52162895569688,63.56073390954384,9.57594501682534,16762,1541,126,1029,real,19252.0,21350.0,1846.0,2136.0,213.35519474184565,34.73250280132145,1,9.726929355631277,7.340835554123275
2023,3,Guinea-Bissau,South,37.54081506173133,72.49772919859117,17.425784529178404,12.0,24478,1963,126,1029,real,16762.0,19252.0,1541.0,1846.0,189.52162895569688,35.49280184709245,1,10.10557088611869,7.582738488914411
2023,4,Guinea-Bissau,South,36.560808932148944,155.24687111441548,9.621549683229102,10.576743449217153,29813,2026,126,1029,real,24478.0,16762.0,1963.0,1541.0,72.49772919859117,37.54081506173133,2,10.302733360830375,7.614312146452
2023,5,Guinea-Bissau,South,32.61028356247504,98.722583178615,46.44071556047997,12.0,24926,2488,126,1029,real,29813.0,24478.0,2026.0,1963.0,155.24687111441548,36.560808932148944,2,10.123706832333092,7.819636302367592
2023,6,Guinea-Bissau,South,29.10702278201024,226.51481080073785,22.846480179368097,12.0,37498,3122,126,1029,real,24926.0,29813.0,2488.0,2026.0,98.722583178615,32.61028356247504,2,10.532069544936274,8.046549357283078
2023,7,Guinea-Bissau,South,24.960403017306305,180.6861799676164,83.3385775516795,12.0,33347,3327,126,1029,real,37498.0,24926.0,3122.0,2488.0,226.51481080073785,29.10702278201024,3,10.414753079530504,8.1101268019411
2023,8,Guinea-Bissau,South,21.015938404426816,235.08673241705307,69.71586527660276,12.0,34665,2930,126,1029,real,33347.0,37498.0,3327.0,3122.0,180.6861799676164,24.960403017306305,3,10.453514658501255,7.983098940710892
2023,9,Guinea-Bissau,South,19.648445308519506,127.4222705855905,38.30539026589448,9.512469568627733,31637,3147,126,1029,real,34665.0,33347.0,2930.0,3327.0,235.08673241705307,21.015938404426816,3,10.362114208758525,8.054522609537294
2023,10,Guinea-Bissau,South,24.04735562919048,122.92276329882364,28.70134173153883,12.0,26941,2563,126,1029,real,31637.0,34665.0,3147.0,2930.0,127.4222705855905,19.648445308519506,4,10.201441686258514,7.849323818040561
2023,11,Guinea-Bissau,South,25.46575513770441,165.89848976179172,91.05071235435776,12.0,28286,3053,126,1029,real,26941.0,31637.0,2563.0,3147.0,122.92276329882364,24.04735562919048,4,10.250157614133787,8.024207485778577
2023,12,Guinea-Bissau,South,24.551950392205203,160.44684891692972,13.26649972661001,10.359508147568532,21039,1876,126,1029,real,28286.0,26941.0,3053.0,2563.0,165.89848976179172,25.46575513770441,4,9.954180666851647,7.537430036586509
2024,1,Guinea-Bissau,South,33.22548890169645,231.12004389653788,41.90884634757068,11.455498832638384,24669,2382,126,1029,synthetic,21039.0,28286.0,1876.0,3053.0,160.44684891692972,24.551950392205203,1,10.113343209523402,7.776115477098742
2024,2,Guinea-Bissau,South,35.98575076715525,151.70342441557548,50.82799458961939,11.380172072997755,24543,2146,126,1029,synthetic,24669.0,21039.0,2382.0,1876.0,231.12004389653788,33.22548890169645,1,10.108222704166982,7.671826797878781
2024,3,Guinea-Bissau,South,41.09481270738016,146.5291372494327,16.764955976188137,12.087566172606058,25578,1938,126,1029,synthetic,24543.0,24669.0,2146.0,2382.0,151.70342441557548,35.98575076715525,1,10.149526981327242,7.569927655242652
2024,4,Guinea-Bissau,South,37.03036838531317,113.33843658118865,94.543910822232,11.627850062100991,22032,1854,126,1029,synthetic,25578.0,24543.0,1938.0,2146.0,146.5291372494327,41.09481270738016,2,10.000296608464188,7.5256399750415355
2024,5,Guinea-Bissau,South,31.51661727601864,81.69071794440127,38.90301615079183,10.906448667038353,21265,1759,126,1029,synthetic,22032.0,25578.0,1854.0,1938.0,113.33843658118865,37.03036838531317,2,9.964864832211031,7.473069088032197
2024,6,Guinea-Bissau,South,28.94258440777096,247.73802837615645,48.81233196764144,12.014535340771571,34434,2666,126,1029,synthetic,21265.0,22032.0,1759.0,1854.0,81.69071794440127,31.51661727601864,2,10.446828767978799,7.888709524182015
2024,7,Guinea-Bissau,South,25.52736317664742,104.31639272995336,56.354944390726175,11.986033080649632,36264,2929,126,1029,synthetic,34434.0,21265.0,2666.0,1759.0,247.73802837615645,28.94258440777096,3,10.498608367797512,7.982757702011113
2024,8,Guinea-Bissau,South,21.388317630564718,206.61457122639072,47.34091368396416,10.557904524020271,33009,2711,126,1029,synthetic,36264.0,34434.0,2929.0,2666.0,104.31639272995336,25.52736317664742,3,10.40456582484724,7.905441649060286
2024,9,Guinea-Bissau,South,20.620512380219267,99.388444158203,64.27854539917952,11.460697056383816,28022,2259,126,1029,synthetic,33009.0,36264.0,2711.0,2929.0,206.61457122639072,21.388317630564718,3,10.240780880540958,7.723120092266331
2024,10,Guinea-Bissau,South,23.568328746380303,136.5430500430201,43.81745247815352,12.037331972287118,33330,3136,126,1029,synthetic,28022.0,33009.0,2259.0,2711.0,99.388444158203,20.620512380219267,4,10.414243173852004,8.051022208190679
2024,11,Guinea-Bissau,South,23.769597508521247,126.59677330153004,81.52838843284654,12.026758777519426,22456,2740,126,1029,synthetic,33330.0,28022.0,3136.0,2259.0,136.5430500430201,23.568328746380303,4,10.019357648578541,7.916078096302786
2024,12,Guinea-Bissau,South,29.303451496347844,159.87106750884408,74.64025404030691,11.78281557679341,21348,2012,126,1029,synthetic,22456.0,33330.0,2740.0,3136.0,126.59677330153004,23.769597508521247,4,9.968760179152325,7.607381425639791
2025,1,Guinea-Bissau,South,29.89503534657589,164.95707717447462,61.52367186357148,11.833353049888702,18275,1673,126,1029,synthetic,21348.0,22456.0,2012.0,2740.0,159.87106750884408,29.303451496347844,1,9.813344002683163,7.422971251049421
2025,2,Guinea-Bissau,South,36.48013492260776,83.1477250978994,52.85992384743075,12.360285507850548,20554,1648,126,1029,synthetic,18275.0,21348.0,1673.0,2012.0,164.95707717447462,29.89503534657589,1,9.930859499331978,7.407924322559599
2025,3,Guinea-Bissau,South,34.20525380844677,159.4573809088249,27.432689651994203,11.855460623438605,25384,2376,126,1029,synthetic,20554.0,18275.0,1648.0,1673.0,83.1477250978994,36.48013492260776,1,10.141913727381494,7.773594467360194
2025,4,Guinea-Bissau,South,38.08044580667995,164.69378925580384,0.0,11.437655275695128,21308,1878,126,1029,synthetic,25384.0,20554.0,2376.0,1648.0,159.4573809088249,34.20525380844677,2,9.96688479766592,7.538494999413465
2025,5,Guinea-Bissau,South,30.6150106024349,103.49903397744065,78.93623579742452,12.187878924676545,19841,1966,126,1029,synthetic,21308.0,25384.0,1878.0,2376.0,164.69378925580384,38.08044580667995,2,9.895556182209848,7.584264818389059
2025,6,Guinea-Bissau,South,27.27908963213256,180.0401933039232,87.61906734534256,12.00404981710961,31583,2058,126,1029,synthetic,19841.0,21308.0,1966.0,1878.0,103.49903397744065,30.6150106024349,2,10.360405942233209,7.629975707027789
2025,7,Guinea-Bissau,South,27.54301786924102,217.8511518109645,49.790457259221526,10.93994234710916,34235,2638,126,1029,synthetic,31583.0,19841.0,2058.0,1966.0,180.0401933039232,27.27908963213256,3,10.4410330010015,7.878155336503324
2025,8,Guinea-Bissau,South,21.311409938598644,227.467796527941,46.34525057645208,11.60313994751924,33785,3177,126,1029,synthetic,34235.0,31583.0,2638.0,2058.0,217.8511518109645,27.54301786924102,3,10.427801794482674,8.064007347096661
2025,9,Guinea-Bissau,South,20.013911251080103,99.353486306234,96.82858580955086,9.206224715575091,36132,2780,126,1029,synthetic,33785.0,34235.0,3177.0,2638.0,227.467796527941,21.311409938598644,3,10.494961854184771,7.930565854233965
2025,10,Guinea-Bissau,South,26.50924242924188,122.79274535532406,50.75888499510791,11.744487464254764,26550,2983,126,1029,synthetic,36132.0,33785.0,2780.0,3177.0,99.353486306234,20.013911251080103,4,10.186822690744211,8.001019961323651
2025,11,Guinea-Bissau,South,24.83681039548375,135.64268276187866,76.38710655625097,10.607683143751975,25130,2003,126,1029,synthetic,26550.0,36132.0,2983.0,2780.0,122.79274535532406,26.50924242924188,4,10.13185742282192,7.602900462204755
2025,12,Guinea-Bissau,South,32.16698183162093,82.48249501660976,105.4680236219211,8.516062179220274,18361,1431,126,1029,synthetic,25130.0,26550.0,2003.0,2983.0,135.64268276187866,24.83681039548375,4,9.818038590703646,7.266827347520591
2020,3,Liberia,South,23.62755432709318,41.869587557771965,9.323167698131924,9.557562801327592,18563,2154,224,4310,real,15031.0,15972.0,1431.0,1488.0,0.0,22.48174019737081,1,9.828979500361067,7.675546002537848
2020,4,Liberia,South,22.975145260051185,27.94669920282834,20.69607462819268,12.0,19993,1815,224,4310,real,18563.0,15031.0,2154.0,1431.0,41.869587557771965,23.62755432709318,2,9.903187507527125,7.504391559161238
2020,5,Liberia,South,21.86537169578672,24.67822238318448,0.0,10.75934741585298,21013,1807,224,4310,real,19993.0,18563.0,1815.0,2154.0,27.94669920282834,22.975145260051185,2,9.95294416124872,7.4999765409521215
2020,6,Liberia,South,18.056719444909767,28.438472790462825,5.450478845366575,7.105406281333892,22448,1969,224,4310,real,21013.0,19993.0,1807.0,1815.0,24.67822238318448,21.86537169578672,2,10.019001348748468,7.585788821732034
2020,7,Liberia,South,14.710523446164828,88.67865904601322,40.75336077391813,11.905087584447047,31447,2384,224,4310,real,22448.0,21013.0,1969.0,1807.0,28.438472790462825,18.056719444909767,3,10.356090667101697,7.776954403322442
2020,8,Liberia,South,13.916221478806678,32.46872597675237,21.416189374271923,9.311203542365764,23372,2325,224,4310,real,31447.0,22448.0,2384.0,1969.0,88.67865904601322,14.710523446164828,3,10.059336788998968,7.75190533307861
2020,9,Liberia,South,8.337088432917875,0.0,22.246259519599874,7.522228079533482,22843,2054,224,4310,real,23372.0,31447.0,2325.0,2384.0,32.46872597675237,13.916221478806678,3,10.036443779784754,7.628031126930335
2020,10,Liberia,South,12.727574645543925,11.419753216068848,21.004171053307488,3.1763190691537098,28094,1652,224,4310,real,22843.0,23372.0,2054.0,2325.0,0.0,8.337088432917875,4,10.243346903546298,7.410347097821024
2020,11,Liberia,South,12.547540937942143,152.42289994264075,63.84658964983289,9.43219397714367,19799,2459,224,4310,real,28094.0,22843.0,1652.0,2054.0,11.419753216068848,12.727574645543925,4,9.893437216682626,7.807916628926408
2020,12,Liberia,South,18.465935068491547,71.09042304196754,2.6988006182711928,6.920990093480646,15900,1878,224,4310,real,19799.0,28094.0,2459.0,1652.0,152.42289994264075,12.547540937942143,4,9.674137279312397,7.538494999413465
2021,1,Liberia,South,19.14934315548745,17.312698603097523,11.094332168105351,8.678514689681911,18064,1455,224,4310,real,15900.0,19799.0,1878.0,2459.0,71.09042304196754,18.465935068491547,1,9.801731643581741,7.283448228756631
2021,2,Liberia,South,25.385674671754284,12.51447810007189,26.365823563901145,10.22474507293456,18305,1634,224,4310,real,18064.0,15900.0,1455.0,1878.0,17.312698603097523,19.14934315548745,1,9.814984153944724,7.399398083331354
2021,3,Liberia,South,27.40251549518206,99.82612985779993,20.09698657984137,7.556620302402335,22169,1914,224,4310,real,18305.0,18064.0,1634.0,1455.0,12.51447810007189,25.385674671754284,1,10.006495302610357,7.557472901614746
2021,4,Liberia,South,20.81170584214617,104.28350203250552,4.609659717695294,7.548932441383965,22418,2042,224,4310,real,22169.0,18305.0,1914.0,1634.0,99.82612985779993,27.40251549518206,2,10.0176640925984,7.622174594817622
2021,5,Liberia,South,22.19718208183907,12.508682100655562,0.0,10.487349439821893,21243,1660,224,4310,real,22418.0,22169.0,2042.0,1914.0,104.28350203250552,20.81170584214617,2,9.96382978154229,7.415175109613295
2021,6,Liberia,South,20.71133653045238,174.27288316531184,0.0,4.348435632895885,29295,2148,224,4310,real,21243.0,22418.0,1660.0,2042.0,12.508682100655562,22.19718208183907,2,10.285206266914292,7.67275789664251
2021,7,Liberia,South,13.172807811428068,226.38004230676293,0.0,8.186350302835237,35938,2463,224,4310,real,29295.0,21243.0,2148.0,1660.0,174.27288316531184,20.71133653045238,3,10.489578335799088,7.80954132465341
2021,8,Liberia,South,9.533733715013804,150.82007773944056,0.0,7.888063194714631,31642,2665,224,4310,real,35938.0,29295.0,2463.0,2148.0,226.38004230676293,13.172807811428068,3,10.36227223407451,7.888334500738654
2021,9,Liberia,South,11.710234197921608,23.721555308005257,0.0,9.139970911198986,25696,2156,224,4310,real,31642.0,35938.0,2665.0,2463.0,150.82007773944056,9.533733715013804,3,10.154129532552147,7.676473646389156
2021,10,Liberia,South,10.168099176960112,0.0,0.0,5.815695225863894,25029,2028,224,4310,real,25696.0,31642.0,2156.0,2665.0,23.721555308005257,11.710234197921608,4,10.12783038442582,7.615298339825815
2021,11,Liberia,South,10.528374101106891,0.0,17.189568798518664,9.813891446994226,18872,1758,224,4310,real,25029.0,25696.0,2028.0,2156.0,0.0,10.168099176960112,4,9.84548760823814,7.472500744737558
2021,12,Liberia,South,19.29994831056837,115.207323388893,12.588774052347034,12.0,16627,992,224,4310,real,18872.0,25029.0,1758.0,2028.0,0.0,10.528374101106891,4,9.718843300372528,6.900730664045173
2022,1,Liberia,South,26.06404150149888,16.13396942254372,0.0,9.555459183146697,16361,1353,224,4310,real,16627.0,18872.0,992.0,1758.0,115.207323388893,19.29994831056837,1,9.702716852073644,7.21081845347222
2022,2,Liberia,South,27.3069052578229,77.40154844691813,12.898093698034188,9.21930484710212,17815,1185,224,4310,real,16361.0,16627.0,1353.0,992.0,16.13396942254372,26.06404150149888,1,9.787852208937204,7.078341579557671
2022,3,Liberia,South,26.813713032698807,121.89475580091629,7.379218007055812,10.563152970718503,24493,1752,224,4310,real,17815.0,16361.0,1185.0,1353.0,77.40154844691813,27.3069052578229,1,10.106183468581232,7.469083884921234
2022,4,Liberia,South,29.17106058767063,86.25444288189844,0.0,9.097501310133136,26621,1478,224,4310,real,24493.0,17815.0,1752.0,1185.0,121.89475580091629,26.813713032698807,2,10.189493220606964,7.2991214627108
2022,5,Liberia,South,23.136447181167977,83.51035055458894,0.0,12.0,26410,1452,224,4310,real,26621.0,24493.0,1478.0,1752.0,86.25444288189844,29.17106058767063,2,10.181535869019624,7.2813856635702825
2022,6,Liberia,South,19.31899568705164,142.88017180320657,0.0,9.84917360034644,26806,2357,224,4310,real,26410.0,26621.0,1452.0,1478.0,83.51035055458894,23.136447181167977,2,10.196418326423577,7.765569081097317
2022,7,Liberia,South,14.73108422356887,183.87463800444343,0.0,11.2628174678076,34653,2347,224,4310,real,26806.0,26410.0,2357.0,1452.0,142.88017180320657,19.31899568705164,3,10.453168438070792,7.761319180947987
2022,8,Liberia,South,11.370071471115851,67.85040531572844,0.0,10.231873456614927,26036,2117,224,4310,real,34653.0,26806.0,2347.0,2357.0,183.87463800444343,14.73108422356887,3,10.167273882312355,7.658227526161352
2022,9,Liberia,South,8.417518937999557,147.36441058982726,0.0,10.291536881388588,22188,2258,224,4310,real,26036.0,34653.0,2117.0,2347.0,67.85040531572844,11.370071471115851,3,10.007351949566416,7.7226775164680035
2022,10,Liberia,South,12.583755983577692,130.0367079286584,0.0,12.0,23082,2349,224,4310,real,22188.0,26036.0,2258.0,2117.0,147.36441058982726,8.417518937999557,4,10.046851694843998,7.762170607138205
2022,11,Liberia,South,13.044177990231285,78.99650345795578,0.0,10.545419552368202,18835,2045,224,4310,real,23082.0,22188.0,2349.0,2258.0,130.0367079286584,12.583755983577692,4,9.843525211363445,7.6236419465115715
2022,12,Liberia,South,21.733887523217632,179.11764105553698,0.0,10.75902310831647,17537,1385,224,4310,real,18835.0,23082.0,2045.0,2349.0,78.99650345795578,13.044177990231285,4,9.7721252343393,7.234177179749849
2023,1,Liberia,South,21.746972616997137,26.82891080611364,0.0,11.881496696210483,16790,1514,224,4310,real,17537.0,18835.0,1385.0,2045.0,179.11764105553698,21.733887523217632,1,9.72859830755947,7.323170717943469
2023,2,Liberia,South,27.455160291103525,23.48187000185294,0.0,9.91585868876066,19108,1289,224,4310,real,16790.0,17537.0,1514.0,1385.0,26.82891080611364,21.746972616997137,1,9.857914707241372,7.162397497355718
2023,3,Liberia,South,27.50971901903609,0.0,0.0,10.44018547742874,24087,1415,224,4310,real,19108.0,16790.0,1289.0,1514.0,23.48187000185294,27.455160291103525,1,10.08946907016157,7.255591274253665
2023,4,Liberia,South,21.44848053568643,87.15347624178983,19.315274702461537,9.399678741677295,24496,1783,224,4310,real,24087.0,19108.0,1415.0,1289.0,0.0,27.50971901903609,2,10.106305940055739,7.486613313139955
2023,5,Liberia,South,22.341753907898863,84.17613259018586,11.603595704818318,9.946499973084563,24164,2088,224,4310,real,24496.0,24087.0,1783.0,1415.0,87.15347624178983,21.44848053568643,2,10.092660584279184,7.644440761556566
2023,6,Liberia,South,18.54513702363884,112.57087893238683,24.612745088253646,9.602966191875671,21837,2706,224,4310,real,24164.0,24496.0,2088.0,1783.0,84.17613259018586,22.341753907898863,2,9.99140685057401,7.903596289614301
2023,7,Liberia,South,13.65506903890742,97.38172318493444,0.0,8.727635300019365,28711,2414,224,4310,real,21837.0,24164.0,2706.0,2088.0,112.57087893238683,18.54513702363884,3,10.265070432827443,7.789454566086673
2023,8,Liberia,South,15.510506623063534,182.3212491541557,0.9376404889507768,11.650672602533405,33254,2372,224,4310,real,28711.0,21837.0,2414.0,2706.0,97.38172318493444,13.65506903890742,3,10.411960410718521,7.771910256435763
2023,9,Liberia,South,9.397832787971325,68.94740432385888,0.839206640618329,12.0,24186,2083,224,4310,real,33254.0,28711.0,2372.0,2414.0,182.3212491541557,15.510506623063534,3,10.093570577723847,7.642044402873258
2023,10,Liberia,South,12.068719943304142,0.0,2.0070324114854543,8.664501641307123,25788,2377,224,4310,real,24186.0,33254.0,2083.0,2372.0,68.94740432385888,9.397832787971325,4,10.157703323404748,7.774015077250727
2023,11,Liberia,South,11.549334572499284,23.831549244523288,0.0,5.845775963125591,20194,1728,224,4310,real,25788.0,24186.0,2377.0,2083.0,0.0,12.068719943304142,4,9.913190327997514,7.455298485683291
2023,12,Liberia,South,20.04981655171313,184.0810676109889,0.0,7.76293858638601,20689,1861,224,4310,real,20194.0,25788.0,1728.0,2377.0,23.831549244523288,11.549334572499284,4,9.93740577073959,7.529406457837013
2024,1,Liberia,South,23.684621922431923,15.480827810101058,1.6844577719886484,9.70070155831706,21118,1872,224,4310,synthetic,20689.0,20194.0,1861.0,1728.0,184.0810676109889,20.04981655171313,1,9.957928388214375,7.5352967024440884
2024,2,Liberia,South,26.488299018471015,4.728524401761632,21.20696259624341,9.464766558067444,23559,1683,224,4310,synthetic,21118.0,20689.0,1872.0,1861.0,15.480827810101058,23.684621922431923,1,10.067305637765523,7.428927194802272
2024,3,Liberia,South,24.81059270680419,34.8593592669106,15.410524163804029,10.38349821144561,22404,1683,224,4310,synthetic,23559.0,21118.0,1683.0,1872.0,4.728524401761632,26.488299018471015,1,10.017039427220244,7.428927194802272
2024,4,Liberia,South,28.49803990809752,56.67089083464782,16.85419697674439,9.136166300338212,23162,1772,224,4310,synthetic,22404.0,23559.0,1683.0,1683.0,34.8593592669106,24.81059270680419,2,10.050311456976926,7.480428306074208
2024,5,Liberia,South,22.83841096779245,82.13915416821781,10.48807785398978,10.816771131631512,23023,1924,224,4310,synthetic,23162.0,22404.0,1772.0,1683.0,56.67089083464782,28.49803990809752,2,10.044292429127148,7.562681246721884
2024,6,Liberia,South,19.536874125832657,106.38117719793604,8.650074050336643,9.262357329206656,27305,2461,224,4310,synthetic,23023.0,23162.0,1924.0,1772.0,82.13915416821781,22.83841096779245,2,10.214861737244696,7.808729306744399
2024,7,Liberia,South,13.272790135004646,67.5952699795689,33.7983764241874,11.483170629562473,31827,2728,224,4310,synthetic,27305.0,23023.0,2461.0,1924.0,106.38117719793604,19.536874125832657,3,10.368101684497425,7.911690520708339
2024,8,Liberia,South,12.55001880608618,45.604680630503104,6.389793128810163,8.692821037732823,26759,2429,224,4310,synthetic,31827.0,27305.0,2728.0,2461.0,67.5952699795689,13.272790135004646,3,10.194663514242166,7.795646536334594
2024,9,Liberia,South,8.159606408726047,39.1532203708735,10.31377124076727,8.668649083685615,26173,2373,224,4310,synthetic,26759.0,31827.0,2429.0,2728.0,45.604680630503104,12.55001880608618,3,10.172521830615427,7.772331575169614
2024,10,Liberia,South,12.17863334128938,3.247121890995224,0.938080420789122,8.296075555684437,21858,1908,224,4310,synthetic,26173.0,26759.0,2373.0,2429.0,39.1532203708735,8.159606408726047,4,9.992368015030003,7.554334823725748
2024,11,Liberia,South,11.108903527986891,49.35865596419456,29.641314180363644,12.013383112697564,19903,1624,224,4310,synthetic,21858.0,26173.0,1908.0,2373.0,3.247121890995224,12.17863334128938,4,9.898675995538905,7.393263094763838
2024,12,Liberia,South,19.860762187760805,83.03921897787829,3.710973118490797,8.66214535524325,20768,1216,224,4310,synthetic,19903.0,21858.0,1624.0,1908.0,49.35865596419456,11.108903527986891,4,9.941216769346136,7.104144092987527
2025,1,Liberia,South,24.40901379875747,93.60321470145573,2.2328056801060487,11.20368182693224,22061,1656,224,4310,synthetic,20768.0,19903.0,1216.0,1624.0,83.03921897787829,19.860762187760805,1,10.001611950529327,7.4127640174265625
2025,2,Liberia,South,26.17892989633419,28.77874293064333,11.44185439510259,7.493805457517183,16568,1441,224,4310,synthetic,22061.0,20768.0,1656.0,1216.0,93.60321470145573,24.40901379875747,1,9.715288758569297,7.273786317844895
2025,3,Liberia,South,29.01273678495009,119.04846463837742,27.09472332446728,8.45559736251613,19930,1965,224,4310,synthetic,16568.0,22061.0,1441.0,1656.0,28.77874293064333,26.17892989633419,1,9.900031587562738,7.583756300707112
2025,4,Liberia,South,31.99365982825519,49.43948291329359,2.408128771852933,8.398781871866557,21204,1288,224,4310,synthetic,19930.0,16568.0,1965.0,1441.0,119.04846463837742,29.01273678495009,2,9.96199228190869,7.161622002939187
2025,5,Liberia,South,21.96836172482914,56.9346864304987,4.887115572274271,12.44830621960124,18777,1874,224,4310,synthetic,21204.0,19930.0,1288.0,1965.0,49.43948291329359,31.99365982825519,2,9.840441250818493,7.536363938404511
2025,6,Liberia,South,18.108142728778045,145.38187358832815,0.0,12.452756941516505,25986,2063,224,4310,synthetic,18777.0,21204.0,1874.0,1288.0,56.9346864304987,21.96836172482914,2,10.165351691961936,7.6324011266014535
2025,7,Liberia,South,12.71428900266246,239.9363577404077,7.853252976742661,12.307496437091604,33119,2793,224,4310,synthetic,25986.0,18777.0,2063.0,1874.0,145.38187358832815,18.108142728778045,3,10.407892608499196,7.935229539816907
2025,8,Liberia,South,12.596597876584555,111.65127568878778,0.830781653467846,10.761653834541368,27835,2184,224,4310,synthetic,33119.0,25986.0,2793.0,2063.0,239.9363577404077,12.71428900266246,3,10.234085425964741,7.68937110752969
2025,9,Liberia,South,9.655994583846685,93.39091064115792,13.599403696968457,7.604191093276031,30422,2411,224,4310,synthetic,27835.0,33119.0,2184.0,2793.0,111.65127568878778,12.596597876584555,3,10.322954180280107,7.788211557847076
2025,10,Liberia,South,12.282607348283737,0.0,21.60790870224026,7.853770762474835,28099,1783,224,4310,synthetic,30422.0,27835.0,2411.0,2184.0,93.39091064115792,9.655994583846685,4,10.243524855321837,7.486613313139955
2025,11,Liberia,South,14.23628237910263,182.6798236065197,12.746034921466006,10.953448484986875,27098,1793,224,4310,synthetic,28099.0,30422.0,1783.0,2411.0,0.0,12.282607348283737,4,10.207252105817954,7.492203042618741
2025,12,Liberia,South,18.535895890487723,174.5565996134979,10.163392232672743,5.104352686164342,24223,1901,224,4310,synthetic,27098.0,28099.0,1793.0,1783.0,182.6798236065197,14.23628237910263,4,10.095099156237175,7.550661243105336
2020,3,Mali,East,34.131648002217595,294.32744047490417,56.56247889083159,11.90596406636777,30060,1765,239,2125,real,27443.0,26193.0,1339.0,1118.0,283.28153610647144,33.037682939452075,1,10.310983929553371,7.476472381163905
2020,4,Mali,East,34.60357205502465,107.93505016402406,75.133443458939,7.972435295370195,42146,1743,239,2125,real,30060.0,27443.0,1765.0,1339.0,294.32744047490417,34.131648002217595,2,10.648918786519761,7.463936604468925
2020,5,Mali,East,28.33834607873722,229.21244666600785,55.82778719936566,11.196439484392016,42425,1630,239,2125,real,42146.0,30060.0,1743.0,1765.0,107.93505016402406,34.60357205502465,2,10.655516660832296,7.396948602621014
2020,6,Mali,East,25.972991715607552,387.55562790000295,53.596820223557245,10.091850501830788,50745,2084,239,2125,real,42425.0,42146.0,1630.0,1743.0,229.21244666600785,28.33834607873722,2,10.834588076063763,7.642524134232902
2020,7,Mali,East,20.828072221422524,327.1945721505635,55.25171276030447,12.0,46789,2326,239,2125,real,50745.0,42425.0,2084.0,1630.0,387.55562790000295,25.972991715607552,3,10.753424783860263,7.752335163302292
2020,8,Mali,East,16.88523792878222,416.7238238745156,41.75791498181138,10.30688586990895,42791,2010,239,2125,real,46789.0,50745.0,2326.0,2084.0,327.1945721505635,20.828072221422524,3,10.664106448211086,7.606387389772652
2020,9,Mali,East,15.50174545168192,256.1491601679275,32.83395331242035,12.0,52322,1754,239,2125,real,42791.0,46789.0,2010.0,2326.0,416.7238238745156,16.88523792878222,3,10.865191323936779,7.470224135899966
2020,10,Mali,East,18.434587104014103,294.73462529010146,44.73206192167783,11.637771797440433,46701,1932,239,2125,real,52322.0,42791.0,1754.0,2010.0,256.1491601679275,15.50174545168192,4,10.75154226929242,7.566828479208331
2020,11,Mali,East,18.78620152239331,333.09858637598234,30.60491026480169,12.0,44484,1953,239,2125,real,46701.0,52322.0,1932.0,1754.0,294.73462529010146,18.434587104014103,4,10.702907332678867,7.577633832602728
2020,12,Mali,East,23.526167899325653,176.18793664230805,41.068078561888726,11.205390757589951,33748,1463,239,2125,real,44484.0,46701.0,1953.0,1932.0,333.09858637598234,18.78620152239331,4,10.42670606623208,7.288927694521257
2021,1,Mali,East,24.943620145969582,297.32332122189086,47.29113729502672,12.0,35727,1479,239,2125,real,33748.0,44484.0,1463.0,1953.0,176.18793664230805,23.526167899325653,1,10.483689974079939,7.299797366758161
2021,2,Mali,East,32.079401719081254,279.7046155074255,14.095687513603458,9.82345509427022,34572,1142,239,2125,real,35727.0,33748.0,1479.0,1463.0,297.32332122189086,24.943620145969582,1,10.450828309595938,7.04141166379481
2021,3,Mali,East,26.3219507404112,250.09323429707425,53.80650701483799,12.0,35266,1788,239,2125,real,34572.0,35727.0,1142.0,1479.0,279.7046155074255,32.079401719081254,1,10.4707029614894,7.489412083508719
2021,4,Mali,East,32.453612602983725,198.74289135032816,48.90688439032418,9.76284977423464,38498,1357,239,2125,real,35266.0,34572.0,1788.0,1142.0,250.09323429707425,26.3219507404112,2,10.55838754591257,7.213768308118642
2021,5,Mali,East,28.487577038599444,268.90480719725184,33.08616147740736,12.0,46704,1527,239,2125,real,38498.0,35266.0,1357.0,1788.0,198.74289135032816,32.453612602983725,2,10.751606504306949,7.331714969726466
2021,6,Mali,East,19.848159263075708,259.6923112902992,42.27104320020318,10.896364537135486,52759,1543,239,2125,real,46704.0,38498.0,1527.0,1357.0,268.90480719725184,28.487577038599444,2,10.873508606831251,7.342131730584722
2021,7,Mali,East,22.858967218558107,458.7785401330737,30.86883428735412,12.0,59491,1786,239,2125,real,52759.0,46704.0,1543.0,1527.0,259.6923112902992,19.848159263075708,3,10.993597128712489,7.488293515159428
2021,8,Mali,East,19.20569589290325,365.81279396033614,50.20043527344221,9.49150819721089,52494,2080,239,2125,real,59491.0,52759.0,1786.0,1543.0,458.7785401330737,22.858967218558107,3,10.86847320594904,7.640603826393634
2021,9,Mali,East,15.508132536698332,292.9157493013821,53.69708216623282,12.0,41308,1867,239,2125,real,52494.0,59491.0,2080.0,1786.0,365.81279396033614,19.20569589290325,3,10.628835672884062,7.532623618788788
2021,10,Mali,East,18.01207489716885,343.2386605950285,57.02974825884488,12.0,41175,1796,239,2125,real,41308.0,52494.0,1867.0,2080.0,292.9157493013821,15.508132536698332,4,10.625610841332591,7.493873886783559
2021,11,Mali,East,17.919054689510393,213.48511580126632,32.57229789782836,11.999680529147174,37034,1760,239,2125,real,41175.0,41308.0,1796.0,1867.0,343.2386605950285,18.01207489716885,4,10.51961869044739,7.473637108496206
2021,12,Mali,East,23.921520751982406,343.74692938993746,53.94167539354208,12.0,34259,1370,239,2125,real,37034.0,41175.0,1760.0,1796.0,213.48511580126632,17.919054689510393,4,10.441733771878111,7.223295679562314
2022,1,Mali,East,26.25343026334888,326.9611537685012,51.703330559515166,12.0,28945,1348,239,2125,real,34259.0,37034.0,1370.0,1760.0,343.74692938993746,23.921520751982406,1,10.273187304197549,7.207118856207756
2022,2,Mali,East,34.21223520291456,311.162512996234,16.098080900366163,12.0,40953,1579,239,2125,real,28945.0,34259.0,1348.0,1370.0,326.9611537685012,26.25343026334888,1,10.620204764608506,7.365180126021013
2022,3,Mali,East,31.74312153693648,209.3637549660324,54.26091459790885,12.0,40987,1895,239,2125,real,40953.0,28945.0,1579.0,1348.0,311.162512996234,34.21223520291456,1,10.621034619919609,7.547501682814967
2022,4,Mali,East,30.37963271067042,264.5655032889481,32.785460135584074,12.0,36657,1355,239,2125,real,40987.0,40953.0,1895.0,1579.0,209.3637549660324,31.74312153693648,2,10.509386964531792,7.212294468500341
2022,5,Mali,East,28.533147942401246,375.1751103838901,46.318628303084566,11.30974719896595,32121,1478,239,2125,real,36657.0,40987.0,1355.0,1895.0,264.5655032889481,30.37963271067042,2,10.377296432622842,7.2991214627108
2022,6,Mali,East,19.83206368463221,335.5039341005372,44.73435822469101,12.0,38884,2142,239,2125,real,32121.0,36657.0,1478.0,1355.0,375.1751103838901,28.533147942401246,2,10.568363851129044,7.669961995473577
2022,7,Mali,East,20.869368107785377,386.1281416039859,34.758182149239786,11.99709057080613,51451,1925,239,2125,real,38884.0,32121.0,2142.0,1478.0,335.5039341005372,19.83206368463221,3,10.848404613198607,7.563200592358071
2022,8,Mali,East,16.772458956701783,266.2468038483749,52.335279522941136,10.49842248332407,51967,2347,239,2125,real,51451.0,38884.0,1925.0,2142.0,386.1281416039859,20.869368107785377,3,10.85838342352135,7.761319180947987
2022,9,Mali,East,17.568398945780736,286.9994777855999,13.231465043504612,11.046653123430335,45445,2060,239,2125,real,51967.0,51451.0,2347.0,1925.0,266.2468038483749,16.772458956701783,3,10.724280086931744,7.630946580890459
2022,10,Mali,East,14.351983762732267,278.55135078838373,40.86632666142651,12.0,41627,1992,239,2125,real,45445.0,51967.0,2060.0,2347.0,286.9994777855999,17.568398945780736,4,10.63652829675775,7.597396320212795
2022,11,Mali,East,18.11464152873914,242.2016628917019,23.8568359529572,12.0,33984,1435,239,2125,real,41627.0,45445.0,1992.0,2060.0,278.55135078838373,14.351983762732267,4,10.433674529780738,7.269616749608169
2022,12,Mali,East,25.37579155882122,311.02775052716555,56.03005825595433,12.0,36365,1257,239,2125,real,33984.0,41627.0,1435.0,1992.0,242.2016628917019,18.11464152873914,4,10.50138955117934,7.1372784372603855
2023,1,Mali,East,30.51613398193556,251.42769713629528,49.48311929747314,12.0,33703,1128,239,2125,real,36365.0,33984.0,1257.0,1435.0,311.02775052716555,25.37579155882122,1,10.425371803658852,7.029087564149662
2023,2,Mali,East,32.54033959980654,300.8738100314828,13.683437867886925,12.0,26691,941,239,2125,real,33703.0,36365.0,1128.0,1257.0,251.42769713629528,30.51613398193556,1,10.192119174023498,6.848005274576363
2023,3,Mali,East,31.130698080000567,250.67655664108565,14.35861485417304,10.331932310098482,31371,1474,239,2125,real,26691.0,33703.0,941.0,1128.0,300.8738100314828,32.54033959980654,1,10.353671054332557,7.29641326877392
2023,4,Mali,East,34.01534003248972,305.5128404431332,21.591691031979167,9.361758630676714,37419,1391,239,2125,real,31371.0,26691.0,1474.0,941.0,250.67655664108565,31.130698080000567,2,10.529960599828081,7.238496840894365
2023,5,Mali,East,25.2775551068947,349.88743346387514,66.71026996267747,9.404573258232064,30034,1445,239,2125,real,37419.0,31371.0,1391.0,1474.0,305.5128404431332,34.01534003248972,2,10.310118647284261,7.27655640271871
2023,6,Mali,East,24.635342339589943,337.4479634264613,29.06315083793436,12.0,46593,1322,239,2125,real,30034.0,37419.0,1445.0,1391.0,349.88743346387514,25.2775551068947,2,10.749227056459247,7.187657164114956
2023,7,Mali,East,19.15546723185111,283.48298912694844,40.23230509355365,12.0,46320,1545,239,2125,real,46593.0,30034.0,1322.0,1445.0,337.4479634264613,24.635342339589943,3,10.743350700960299,7.343426229147367
2023,8,Mali,East,17.68420683467519,286.0924720520304,54.53864637369868,7.717027882151143,45454,1318,239,2125,real,46320.0,46593.0,1545.0,1322.0,283.48298912694844,19.15546723185111,3,10.724478104555958,7.1846291527173145
2023,9,Mali,East,14.856508573692468,326.62903291848124,34.46558367410208,12.0,57138,2084,239,2125,real,45454.0,46320.0,1318.0,1545.0,286.0924720520304,17.68420683467519,3,10.953242174756578,7.642524134232902
2023,10,Mali,East,18.46994902641292,343.8072842364608,53.70233647520587,9.777446199683215,63208,2443,239,2125,real,57138.0,45454.0,2084.0,1318.0,326.62903291848124,14.856508573692468,4,11.054201975059602,7.8013913202914855
2023,11,Mali,East,15.682417351053688,230.45693235450383,0.0,10.524268283501469,38974,1411,239,2125,real,63208.0,57138.0,2443.0,2084.0,343.8072842364608,18.46994902641292,4,10.570675693925978,7.252762418053187
2023,12,Mali,East,24.416902575788093,275.75991733291005,32.31852980956424,8.157976095582828,29222,1563,239,2125,real,38974.0,63208.0,1411.0,2443.0,230.45693235450383,15.682417351053688,4,10.282711349439065,7.355001921105257
2024,1,Mali,East,26.48025353887464,319.692112971426,52.2889850804547,12.000740947804198,42722,1600,239,2125,synthetic,29222.0,38974.0,1563.0,1411.0,275.75991733291005,24.416902575788093,1,10.662492695887538,7.3783837129967145
2024,2,Mali,East,31.38750996761321,292.9306549127213,39.47951906938446,11.005280104050527,36968,1358,239,2125,synthetic,42722.0,29222.0,1600.0,1563.0,319.692112971426,26.48025353887464,1,10.517835002606233,7.214504414151143
2024,3,Mali,East,26.54861720114309,274.35780426703826,52.190869065112814,10.77978655863763,39244,1016,239,2125,synthetic,36968.0,42722.0,1358.0,1600.0,292.9306549127213,31.38750996761321,1,10.577579326560913,6.92461239604856
2024,4,Mali,East,32.74408240402623,301.5595822640066,21.68968085214434,10.621264205489652,41759,1934,239,2125,synthetic,39244.0,36968.0,1016.0,1358.0,274.35780426703826,26.54861720114309,2,10.639694222556521,7.5678626054638825
2024,5,Mali,East,27.48791733047557,235.1057288660565,42.573237426256014,9.639375397364631,38027,1308,239,2125,synthetic,41759.0,39244.0,1934.0,1016.0,301.5595822640066,32.74408240402623,2,10.54607800947892,7.1770187659099
2024,6,Mali,East,20.32490234370257,341.33540722096734,41.27575873359348,11.039475690670256,43319,1279,239,2125,synthetic,38027.0,41759.0,1308.0,1934.0,235.1057288660565,27.48791733047557,2,10.676369701114927,7.154615356913663
2024,7,Mali,East,20.11905628709703,320.150584433854,37.33304780775045,11.97290479273484,47066,2085,239,2125,synthetic,43319.0,38027.0,1279.0,1308.0,341.33540722096734,20.32490234370257,3,10.759327397501066,7.643003635560718
2024,8,Mali,East,19.498749378318607,316.2599058978842,52.93575278443403,9.90138008781182,48072,2708,239,2125,synthetic,47066.0,43319.0,2085.0,1279.0,320.150584433854,20.11905628709703,3,10.78047596792754,7.904334842085095
2024,9,Mali,East,15.7064641046062,263.0617633947889,6.980311023882507,11.860683628091016,49028,2436,239,2125,synthetic,48072.0,47066.0,2708.0,2085.0,316.2599058978842,19.498749378318607,3,10.800167238761167,7.798523053625206
2024,10,Mali,East,16.025496073550098,278.8419560198192,61.8346512535698,12.301291966749138,47600,2291,239,2125,synthetic,49028.0,48072.0,2436.0,2708.0,263.0617633947889,15.7064641046062,4,10.7706090484022,7.73718007783463
2024,11,Mali,East,17.73061546755849,208.7175128507239,44.58728254765563,12.03399093944271,35169,1702,239,2125,synthetic,47600.0,49028.0,2291.0,2436.0,278.8419560198192,16.025496073550098,4,10.467948725468029,7.440146680662688
2024,12,Mali,East,23.60218723240182,176.3868327638723,56.204873839671976,14.349166844802646,29888,1387,239,2125,synthetic,35169.0,47600.0,1702.0,2291.0,208.7175128507239,17.73061546755849,4,10.305245798712965,7.23561914106675
2025,1,Mali,East,25.565515680882964,280.6755867817176,47.32942030988528,11.991360092303202,31153,1443,239,2125,synthetic,29888.0,35169.0,1387.0,1702.0,176.3868327638723,23.60218723240182,1,10.34669792688655,7.275172319452771
2025,2,Mali,East,33.21826637921546,293.0095100029637,21.95420983734321,10.01132228126388,38320,1386,239,2125,synthetic,31153.0,29888.0,1443.0,1387.0,280.6755867817176,25.565515680882964,1,10.553753327777704,7.234898420314831
2025,3,Mali,East,32.47662070045906,217.1868972921941,46.76406123206372,12.18279548365468,28402,1545,239,2125,synthetic,38320.0,31153.0,1386.0,1443.0,293.0095100029637,33.21826637921546,1,10.254250052373257,7.343426229147367
2025,4,Mali,East,31.605463821661075,268.3969253370816,26.861259293809347,6.741324453994353,43253,1602,239,2125,synthetic,28402.0,38320.0,1545.0,1386.0,217.1868972921941,32.47662070045906,2,10.674844993632634,7.3796321526095525
2025,5,Mali,East,28.074689819692864,244.04569904913672,59.61215039533696,9.121376790704412,47669,1486,239,2125,synthetic,43253.0,28402.0,1602.0,1545.0,268.3969253370816,31.605463821661075,2,10.772057548198871,7.304515946460155
2025,6,Mali,East,20.478703836336305,332.54979778823395,33.67966466618757,10.885803626281948,36954,1644,239,2125,synthetic,47669.0,43253.0,1486.0,1602.0,244.04569904913672,28.074689819692864,2,10.517456235218987,7.405495663199472
2025,7,Mali,East,22.20223873484853,278.0711233508291,45.9498561532949,12.015785399823066,41637,1368,239,2125,synthetic,36954.0,47669.0,1644.0,1486.0,332.54979778823395,20.478703836336305,3,10.636768490835719,7.221835825288449
2025,8,Mali,East,18.2900564535373,319.4841537904467,51.7858195115734,8.731293879566891,40366,1543,239,2125,synthetic,41637.0,36954.0,1368.0,1644.0,278.0711233508291,22.20223873484853,3,10.605767898477295,7.342131730584722
2025,9,Mali,East,17.248451412267762,298.025178298155,39.14224847967324,11.561213701604435,38535,1526,239,2125,synthetic,40366.0,41637.0,1543.0,1368.0,319.4841537904467,18.2900564535373,3,10.559348148310058,7.3310603052186325
2025,10,Mali,East,18.10514206565349,300.9764322892831,51.27284257540724,13.584212362798857,36680,1348,239,2125,synthetic,38535.0,40366.0,1526.0,1543.0,298.025178298155,17.248451412267762,4,10.510014188812299,7.207118856207756
2025,11,Mali,East,19.25636977468073,232.97173969663325,0.0,10.877127529263204,30923,1324,239,2125,synthetic,36680.0,38535.0,1348.0,1526.0,300.9764322892831,18.10514206565349,4,10.339287860440365,7.1891677384203225
2025,12,Mali,East,24.324986348281623,398.2718270015624,49.49838343498229,10.438270647735765,38747,1530,239,2125,synthetic,30923.0,36680.0,1324.0,1348.0,232.97173969663325,19.25636977468073,4,10.564834420546276,7.333676395657684
2020,3,Mauritania,West,32.349497238297374,370.23425114944615,90.6460111222888,12.0,10054,476,185,506,real,9869.0,7925.0,455.0,542.0,375.2411626697436,35.90320212273959,1,9.215825302206753,6.1675164908883415
2020,4,Mauritania,West,37.22409386077332,304.8742104556293,85.3515314385331,12.0,8264,622,185,506,real,10054.0,9869.0,476.0,455.0,370.23425114944615,32.349497238297374,2,9.019785010255125,6.434546518787453
2020,5,Mauritania,West,30.53050816270065,218.2985764576185,117.55011389060375,12.0,9071,584,185,506,real,8264.0,10054.0,622.0,476.0,304.8742104556293,37.22409386077332,2,9.112948025967533,6.371611847231857
2020,6,Mauritania,West,29.892116106118053,236.48809095161585,48.74850131301771,12.0,11534,672,185,506,real,9071.0,8264.0,584.0,622.0,218.2985764576185,30.53050816270065,2,9.353141170607854,6.511745329644728
2020,7,Mauritania,West,26.93192035995612,376.9030768642186,88.7855323036148,12.0,10262,791,185,506,real,11534.0,9071.0,672.0,584.0,236.48809095161585,29.892116106118053,3,9.236300473645715,6.674561391814426
2020,8,Mauritania,West,23.97603139885713,383.658346412996,59.99995968525877,9.897829969107988,13367,718,185,506,real,10262.0,11534.0,791.0,672.0,376.9030768642186,26.93192035995612,3,9.50061907027523,6.577861357721047
2020,9,Mauritania,West,18.5554987792952,303.6348807867826,104.07124768682245,12.0,12667,818,185,506,real,13367.0,10262.0,718.0,791.0,383.658346412996,23.97603139885713,3,9.44683440765853,6.70808408385307
2020,10,Mauritania,West,23.32746065267008,314.72301896676595,80.14274236817684,12.0,11310,634,185,506,real,12667.0,13367.0,818.0,718.0,303.6348807867826,18.5554987792952,4,9.33353098253138,6.453624998892692
2020,11,Mauritania,West,25.14390367505072,286.4681042880879,61.460259262652286,10.96547169627524,10997,579,185,506,real,11310.0,12667.0,634.0,818.0,314.72301896676595,23.32746065267008,4,9.30546871706776,6.363028103540465
2020,12,Mauritania,West,29.910903433615395,193.37491569624825,88.10823598278093,12.0,8047,483,185,506,real,10997.0,11310.0,579.0,634.0,286.4681042880879,25.14390367505072,4,8.99317889233952,6.182084906716632
2021,1,Mauritania,West,31.95994291970704,356.3280756714377,34.07105509413395,11.913341764363194,7230,368,185,506,real,8047.0,10997.0,483.0,579.0,193.37491569624825,29.910903433615395,1,8.886132618174951,5.910796644040527
2021,2,Mauritania,West,37.578982285362734,224.19975121782457,83.43152237667829,12.0,8720,504,185,506,real,7230.0,8047.0,368.0,483.0,356.3280756714377,31.95994291970704,1,9.073489189226986,6.22455842927536
2021,3,Mauritania,West,35.20917154608006,237.36393497330351,70.23634947514988,12.0,8437,597,185,506,real,8720.0,7230.0,504.0,368.0,224.19975121782457,37.578982285362734,1,9.040500592684284,6.393590753950631
2021,4,Mauritania,West,37.33504248313758,302.26573416794537,85.80704413860127,12.0,10866,724,185,506,real,8437.0,8720.0,597.0,504.0,237.36393497330351,35.20917154608006,2,9.293485953062852,6.586171654854675
2021,5,Mauritania,West,34.36398878335668,310.5176567979128,51.948269413641,12.0,11659,722,185,506,real,10866.0,8437.0,724.0,597.0,302.26573416794537,37.33504248313758,2,9.363919459904483,6.583409222158765
2021,6,Mauritania,West,26.56279258485624,332.9909531918107,74.28764579282854,12.0,13349,1039,185,506,real,11659.0,10866.0,722.0,724.0,310.5176567979128,34.36398878335668,2,9.499271663828395,6.946975992135418
2021,7,Mauritania,West,26.07638595983021,297.3961940131022,73.20126917342826,12.0,13232,888,185,506,real,13349.0,11659.0,1039.0,722.0,332.9909531918107,26.56279258485624,3,9.49046898877305,6.790097235513905
2021,8,Mauritania,West,22.167177299839025,285.768322770469,64.8505177496874,10.317200190865584,10443,734,185,506,real,13232.0,13349.0,888.0,1039.0,297.3961940131022,26.07638595983021,3,9.25378292981902,6.5998704992128365
2021,9,Mauritania,West,18.68977071332549,290.3649370101052,92.05358983126328,12.0,13323,816,185,506,real,10443.0,13232.0,734.0,888.0,285.768322770469,22.167177299839025,3,9.49732219931357,6.705639094860003
2021,10,Mauritania,West,19.331745321522863,234.308350448442,77.51268030512006,12.0,11116,765,185,506,real,13323.0,10443.0,816.0,734.0,290.3649370101052,18.68977071332549,4,9.316230747233615,6.641182169740591
2021,11,Mauritania,West,26.61161690517568,320.536603192213,49.11335746462866,12.0,9566,656,185,506,real,11116.0,13323.0,765.0,816.0,234.308350448442,19.331745321522863,4,9.166074955678168,6.487684018484611
2021,12,Mauritania,West,27.14964677205001,372.41292486176553,103.36266583510972,12.0,8693,527,185,506,real,9566.0,11116.0,656.0,765.0,320.536603192213,26.61161690517568,4,9.070388411548738,6.269096283706261
2022,1,Mauritania,West,30.66035223087682,279.54551658474986,78.46988484568217,12.0,6821,424,185,506,real,8693.0,9566.0,527.0,656.0,372.41292486176553,27.14964677205001,1,8.82790796297859,6.052089168924417
2022,2,Mauritania,West,33.52891142091723,254.4810423125276,101.5404978797586,12.0,6985,492,185,506,real,6821.0,8693.0,424.0,527.0,279.54551658474986,30.66035223087682,1,8.851663425366777,6.20050917404269
2022,3,Mauritania,West,35.3423128805585,264.06884635918345,50.36463512001953,12.0,8016,513,185,506,real,6985.0,6821.0,492.0,424.0,254.4810423125276,33.52891142091723,1,8.989319566042951,6.2422232654551655
2022,4,Mauritania,West,36.98511196979108,283.00685494588055,78.75682132449654,12.0,10725,802,185,506,real,8016.0,6985.0,513.0,492.0,264.06884635918345,35.3423128805585,2,9.280425979542871,6.688354713946762
2022,5,Mauritania,West,31.91983240471801,296.7290427897562,86.89732744062468,12.0,8738,585,185,506,real,10725.0,8016.0,802.0,513.0,283.00685494588055,36.98511196979108,2,9.075551045627543,6.373319789577012
2022,6,Mauritania,West,27.3346036964362,247.8736349660843,66.39689657918868,12.0,12287,604,185,506,real,8738.0,10725.0,585.0,802.0,296.7290427897562,31.91983240471801,2,9.416378455387454,6.405228458030842
2022,7,Mauritania,West,21.57487144323926,220.3848948512369,73.56831946196856,12.0,8565,580,185,506,real,12287.0,8738.0,604.0,585.0,247.8736349660843,27.3346036964362,3,9.055556158175316,6.364750756851911
2022,8,Mauritania,West,23.40772782524618,356.8014362994568,63.8080544046818,12.0,13019,784,185,506,real,8565.0,12287.0,580.0,604.0,220.3848948512369,21.57487144323926,3,9.47424191576256,6.665683717782408
2022,9,Mauritania,West,20.4190865032716,241.36950693973915,37.05172410486786,12.0,12265,711,185,506,real,13019.0,8565.0,784.0,580.0,356.8014362994568,23.40772782524618,3,9.414586486185929,6.568077911411976
2022,10,Mauritania,West,21.82019191735773,351.38482626866016,98.37715158033812,12.0,12975,965,185,506,real,12265.0,13019.0,711.0,784.0,241.36950693973915,20.4190865032716,4,9.470856776355195,6.873163834212518
2022,11,Mauritania,West,26.263945249041384,333.63866385454014,52.70055868989839,12.0,10574,690,185,506,real,12975.0,12265.0,965.0,711.0,351.38482626866016,21.82019191735773,4,9.266248003914479,6.53813982376767
2022,12,Mauritania,West,28.788006322717333,339.3878964622064,80.64137064722256,12.0,8796,565,185,506,real,10574.0,12975.0,690.0,965.0,333.63866385454014,26.263945249041384,4,9.082166033252674,6.338594078203183
2023,1,Mauritania,West,26.852389616913523,322.4852130462444,54.45172855046869,8.683360354087483,8887,505,185,506,real,8796.0,10574.0,565.0,690.0,339.3878964622064,28.788006322717333,1,9.092457331319466,6.226536669287466
2023,2,Mauritania,West,35.69379009836973,274.6591582449772,12.819753906532878,12.0,9752,666,185,506,real,8887.0,8796.0,505.0,565.0,322.4852130462444,26.852389616913523,1,9.185330208972015,6.502790045915623
2023,3,Mauritania,West,38.04142247278426,401.39996554010537,99.91886697473916,12.0,11100,610,185,506,real,9752.0,8887.0,666.0,505.0,274.6591582449772,35.69379009836973,1,9.314790473332646,6.415096959171596
2023,4,Mauritania,West,35.335661124668086,355.69830817018493,84.63293000029735,12.0,11277,712,185,506,real,11100.0,9752.0,610.0,666.0,401.39996554010537,38.04142247278426,2,9.330609204367127,6.569481420414296
2023,5,Mauritania,West,34.843544942846115,192.84896095893777,77.32054606500455,12.0,9473,681,185,506,real,11277.0,11100.0,712.0,610.0,355.69830817018493,35.335661124668086,2,9.156306483483696,6.525029657843462
2023,6,Mauritania,West,27.75695714267678,352.48169853733447,83.6615576405286,12.0,11326,796,185,506,real,9473.0,11277.0,681.0,712.0,192.84896095893777,34.843544942846115,2,9.334944535200714,6.680854678790215
2023,7,Mauritania,West,27.027972419654272,397.0619186592338,82.98507010652351,9.137495958385026,12935,802,185,506,real,11326.0,9473.0,796.0,681.0,352.48169853733447,27.75695714267678,3,9.467769401256943,6.688354713946762
2023,8,Mauritania,West,25.88659309848828,324.37816058475846,86.53496108341626,12.0,11037,848,185,506,real,12935.0,11326.0,802.0,796.0,397.0619186592338,27.027972419654272,3,9.309099143999447,6.744059186311348
2023,9,Mauritania,West,20.95239080882018,291.27282212694354,71.34810519954328,12.0,9020,715,185,506,real,11037.0,12935.0,848.0,802.0,324.37816058475846,25.88659309848828,3,9.107310471656639,6.573680166960646
2023,10,Mauritania,West,18.439121093011217,353.62696369902494,67.41723719526222,12.0,11220,686,185,506,real,9020.0,11037.0,715.0,848.0,291.27282212694354,20.95239080882018,4,9.325542301664866,6.532334292222349
2023,11,Mauritania,West,23.64356291408199,345.20478043871657,64.75104159510761,12.0,9456,646,185,506,real,11220.0,9020.0,686.0,715.0,353.62696369902494,18.439121093011217,4,9.154510487015513,6.472346294500901
2023,12,Mauritania,West,27.31272468372361,285.13683763963155,33.84665325240363,12.0,7350,595,185,506,real,9456.0,11220.0,646.0,686.0,345.20478043871657,23.64356291408199,4,8.902591637374087,6.39024066706535
2024,1,Mauritania,West,30.432491527859828,340.22455438189513,21.783678815201625,13.041384249553836,8586,528,185,506,synthetic,7350.0,9456.0,595.0,646.0,285.13683763963155,27.31272468372361,1,9.058004710672485,6.270988431858299
2024,2,Mauritania,West,36.73401293048054,430.7546017590113,81.11817939982254,11.759361432939704,9723,485,185,506,synthetic,8586.0,7350.0,528.0,595.0,340.22455438189513,30.432491527859828,1,9.182352335436015,6.186208623900494
2024,3,Mauritania,West,37.17428278312345,249.96002538201336,79.37322407884626,11.995223425532348,9329,592,185,506,synthetic,9723.0,8586.0,485.0,528.0,430.7546017590113,36.73401293048054,1,9.140990293841389,6.385194398997726
2024,4,Mauritania,West,37.69978497688787,295.6141213237412,82.74670732858547,11.990212362842176,8475,788,185,506,synthetic,9329.0,9723.0,592.0,485.0,249.96002538201336,37.17428278312345,2,9.04499391938819,6.670766320845874
2024,5,Mauritania,West,34.466926725493174,201.2613193863604,107.01156323280397,12.01355637858805,9348,615,185,506,synthetic,8475.0,9329.0,788.0,592.0,295.6141213237412,37.69978497688787,2,9.143024664691316,6.423246963533519
2024,6,Mauritania,West,26.775850463425183,219.28218306245063,41.91899840214457,12.014960443114893,9782,849,185,506,synthetic,9348.0,8475.0,615.0,788.0,201.2613193863604,34.466926725493174,2,9.18840146445743,6.745236349484362
2024,7,Mauritania,West,26.13001832955927,232.00853298406236,98.2403922193318,11.470614279249183,10871,898,185,506,synthetic,9782.0,9348.0,849.0,615.0,219.28218306245063,26.775850463425183,3,9.29394595583098,6.80128303447162
2024,8,Mauritania,West,24.60888945988237,347.1095558874585,59.29942463942618,11.579896820678265,9839,770,185,506,synthetic,10871.0,9782.0,898.0,849.0,232.00853298406236,26.13001832955927,3,9.1942109900463,6.647688373563329
2024,9,Mauritania,West,21.601233162346595,267.57949445803666,47.07645519156252,11.998742130799004,12184,783,185,506,synthetic,9839.0,10871.0,770.0,898.0,347.1095558874585,24.60888945988237,3,9.407960966059306,6.664409020350408
2024,10,Mauritania,West,16.910799877392737,398.7713426998989,78.82247401727535,11.995731189300528,13495,990,185,506,synthetic,12184.0,9839.0,783.0,770.0,267.57949445803666,21.601233162346595,4,9.510148624225804,6.898714534329988
2024,11,Mauritania,West,26.524708876181005,323.3259805022057,47.55354852839397,11.058519313721714,11503,714,185,506,synthetic,13495.0,12184.0,990.0,783.0,398.7713426998989,16.910799877392737,4,9.350450079960828,6.5722825426940075
2024,12,Mauritania,West,27.94823783916025,179.96711521762074,69.12480130484195,11.997272764302524,8353,480,185,506,synthetic,11503.0,13495.0,714.0,990.0,323.3259805022057,26.524708876181005,4,9.03049574505712,6.175867270105761
2025,1,Mauritania,West,29.412906032590985,335.716048078734,127.26498116302731,13.012947015406994,9350,472,185,506,synthetic,8353.0,11503.0,480.0,714.0,179.96711521762074,27.94823783916025,1,9.143238568435446,6.159095388491933
2025,2,Mauritania,West,39.97798507517532,286.02092888537527,74.18975258871576,11.493658212892544,9856,464,185,506,synthetic,9350.0,8353.0,472.0,480.0,335.716048078734,29.412906032590985,1,9.19593714166544,6.142037405587356
2025,3,Mauritania,West,33.89620552661471,274.6330051182501,77.06755223992204,11.994565752288665,8030,539,185,506,synthetic,9856.0,9350.0,464.0,472.0,286.02092888537527,39.97798507517532,1,8.991064332188461,6.29156913955832
2025,4,Mauritania,West,36.47918796035216,358.19312905122746,74.89097256283176,12.010915068519225,9199,581,185,506,synthetic,8030.0,9856.0,539.0,464.0,274.6330051182501,33.89620552661471,2,9.126958763037132,6.366470447731438
2025,5,Mauritania,West,32.21167313190054,233.11474279673925,45.25931120465566,11.992221833124091,9111,618,185,506,synthetic,9199.0,8030.0,581.0,539.0,358.19312905122746,36.47918796035216,2,9.117347505127018,6.428105272684596
2025,6,Mauritania,West,29.229774675523245,367.2165481132368,78.9664032061819,11.988709482287828,11269,654,185,506,synthetic,9111.0,9199.0,618.0,581.0,233.11474279673925,32.21167313190054,2,9.329899607033822,6.484635235635252
2025,7,Mauritania,West,22.228256970025644,380.5394919466799,77.8068424274046,10.744162743274703,11921,722,185,506,synthetic,11269.0,9111.0,654.0,618.0,367.2165481132368,29.229774675523245,3,9.386140711779872,6.583409222158765
2025,8,Mauritania,West,23.296926074657264,386.6274994468053,55.807485413818455,11.741116325118345,12134,648,185,506,synthetic,11921.0,11269.0,722.0,654.0,380.5394919466799,22.228256970025644,3,9.403849118160702,6.47543271670409
2025,9,Mauritania,West,20.052756546172443,247.1995763998016,103.26051968031942,11.99815097863557,10698,676,185,506,synthetic,12134.0,11921.0,648.0,722.0,386.6274994468053,23.296926074657264,3,9.277905558138606,6.517671272912275
2025,10,Mauritania,West,19.14036833642822,235.00000973355688,60.76541586611695,12.006060099513457,10354,792,185,506,synthetic,10698.0,12134.0,676.0,648.0,247.1995763998016,20.052756546172443,4,9.245224773829685,6.675823221634848
2025,11,Mauritania,West,22.611041880126947,364.5905826274664,58.55262753427117,11.690374567164495,10231,553,185,506,synthetic,10354.0,10698.0,792.0,676.0,235.00000973355688,19.14036833642822,4,9.23327534325868,6.317164686747284
2025,12,Mauritania,West,28.240726309757008,383.90424376254674,79.91313893760453,12.00150301761462,7793,574,185,506,synthetic,10231.0,10354.0,553.0,792.0,364.5905826274664,22.611041880126947,4,8.961109485898655,6.354370040797351
2020,3,Nigeria,North,33.333763884500705,181.7165928075711,31.465210617535256,12.0,36049,3198,187,3005,real,29350.0,27197.0,2001.0,2375.0,176.35700734780391,32.06951757445882,1,10.492662142713096,8.070593539949519
2020,4,Nigeria,North,32.049868159006735,174.97413086246007,22.03422922108303,10.5552033700973,48159,3108,187,3005,real,36049.0,29350.0,3198.0,2001.0,181.7165928075711,33.333763884500705,2,10.782284079982702,8.042056410058754
2020,5,Nigeria,North,27.02984089007379,204.51669652148823,13.050066966323849,10.126952764536966,44905,2825,187,3005,real,48159.0,36049.0,3108.0,3198.0,174.97413086246007,32.049868159006735,2,10.712326695092147,7.946617563244473
2020,6,Nigeria,North,27.54408784949591,350.6194658541029,51.21317914872285,12.0,75651,3609,187,3005,real,44905.0,48159.0,2825.0,3108.0,204.51669652148823,27.02984089007379,2,11.233899156408345,8.191463051326927
2020,7,Nigeria,North,22.9066657393341,118.92168364144412,16.613566966302933,9.739791127364413,67157,3886,187,3005,real,75651.0,44905.0,3609.0,2825.0,350.6194658541029,27.54408784949591,3,11.114803331117322,8.265392930852224
2020,8,Nigeria,North,17.16610065635106,271.5548045635365,0.0,11.378183888475892,66185,3863,187,3005,real,67157.0,75651.0,3886.0,3609.0,118.92168364144412,22.9066657393341,3,11.100224239197436,8.259458195332408
2020,9,Nigeria,North,18.818052298574354,173.44998688503523,27.409893114789305,12.0,49131,3436,187,3005,real,66185.0,67157.0,3863.0,3886.0,271.5548045635365,17.16610065635106,3,10.802265832658986,8.142354276849835
2020,10,Nigeria,North,20.85794964204982,106.88727780389344,28.272298413151297,10.195168985116634,48676,2628,187,3005,real,49131.0,66185.0,3436.0,3863.0,173.44998688503523,18.818052298574354,4,10.792961918250924,7.874358824729881
2020,11,Nigeria,North,18.93247755138972,121.46020956156144,59.51975625648934,10.048528063435104,36353,2370,187,3005,real,48676.0,49131.0,2628.0,3436.0,106.88727780389344,20.85794964204982,4,10.501059518173044,7.771067086065406
2020,12,Nigeria,North,23.227861421639144,165.61565433313947,15.7818317813201,12.0,31351,1628,187,3005,real,36353.0,48676.0,2370.0,2628.0,121.46020956156144,18.93247755138972,4,10.353033339879467,7.395721608602045
2021,1,Nigeria,North,28.92266139476705,280.42191872372524,58.97511792669141,11.57657982213614,42394,1971,187,3005,real,31351.0,36353.0,1628.0,2370.0,165.61565433313947,23.227861421639144,1,10.654785709738103,7.586803535162581
2021,2,Nigeria,North,28.48309354112228,135.5537777832516,0.0,12.0,37532,1868,187,3005,real,42394.0,31351.0,1971.0,1628.0,280.42191872372524,28.92266139476705,1,10.53297582498551,7.533158807455563
2021,3,Nigeria,North,34.68307850732747,246.48632819279743,27.84246208155016,12.0,46441,2175,187,3005,real,37532.0,42394.0,1868.0,1971.0,135.5537777832516,28.48309354112228,1,10.745959501206636,7.685243607975833
2021,4,Nigeria,North,29.527970211737607,94.36266691498234,32.26136657662975,9.268474861613216,38435,2763,187,3005,real,46441.0,37532.0,2175.0,1868.0,246.48632819279743,34.68307850732747,2,10.556749799397158,7.92443418488756
2021,5,Nigeria,North,27.803647691043555,175.6096027730002,56.15228151554958,10.511606796699311,45297,3428,187,3005,real,38435.0,46441.0,2763.0,2175.0,94.36266691498234,29.527970211737607,2,10.721018160386105,8.14002395246292
2021,6,Nigeria,North,26.37851965598685,164.82182855173076,42.63355566074416,12.0,56041,3379,187,3005,real,45297.0,38435.0,3428.0,2763.0,175.6096027730002,27.803647691043555,2,10.933856688607833,8.125630988477065
2021,7,Nigeria,North,20.890271455079706,194.6675776594536,54.29774392133316,12.0,54895,3160,187,3005,real,56041.0,45297.0,3379.0,3428.0,164.82182855173076,26.37851965598685,3,10.91319576509823,8.058643712215618
2021,8,Nigeria,North,19.12527869638579,231.80270896692187,15.08884240250547,11.830474555163768,63016,3041,187,3005,real,54895.0,56041.0,3160.0,3379.0,194.6675776594536,20.890271455079706,3,11.051159810242904,8.020270472819238
2021,9,Nigeria,North,18.674615578433546,157.4291171471413,20.015874250781245,10.942278965132257,54515,3318,187,3005,real,63016.0,54895.0,3041.0,3160.0,231.80270896692187,19.12527869638579,3,10.906249515547403,8.107418811719974
2021,10,Nigeria,North,16.5409553816164,139.77259866251111,17.94988259299526,9.792140634131336,50322,3324,187,3005,real,54515.0,63016.0,3318.0,3041.0,157.4291171471413,18.674615578433546,4,10.826217508039186,8.109224953089955
2021,11,Nigeria,North,20.976876259578745,160.99491130203432,4.031983983644999,12.0,47671,3542,187,3005,real,50322.0,54515.0,3324.0,3318.0,139.77259866251111,16.5409553816164,4,10.772099502426816,8.172729104865471
2021,12,Nigeria,North,24.83586540807677,189.1537468171393,24.29416020718917,11.832817956464869,45313,2851,187,3005,real,47671.0,50322.0,3542.0,3324.0,160.99491130203432,20.976876259578745,4,10.7213713144974,7.955775781534187
2022,1,Nigeria,North,29.075810473955507,189.543753027738,4.133846274670276,12.0,43054,2545,187,3005,real,45313.0,47671.0,2851.0,3542.0,189.1537468171393,24.83586540807677,1,10.670233647130265,7.842278779117352
2022,2,Nigeria,North,34.47953179798679,133.15266645977954,0.0,10.841385645222765,33784,2332,187,3005,real,43054.0,45313.0,2545.0,2851.0,189.543753027738,29.075810473955507,1,10.427772195986275,7.75491027202143
2022,3,Nigeria,North,36.40296861516261,206.3895256955656,11.828278872790769,12.0,38254,2682,187,3005,real,33784.0,43054.0,2332.0,2545.0,133.15266645977954,34.47953179798679,1,10.552029549665953,7.894690850425624
2022,4,Nigeria,North,32.8574062481151,141.17327958820462,17.532532675756663,11.888880676484575,38513,2495,187,3005,real,38254.0,33784.0,2682.0,2332.0,206.3895256955656,36.40296861516261,2,10.558777090539833,7.822444729489319
2022,5,Nigeria,North,32.193315986694955,190.17824517000605,31.812734932485448,10.24184546398434,45859,3192,187,3005,real,38513.0,38254.0,2495.0,2682.0,141.17327958820462,32.8574062481151,2,10.733348556411896,8.068716192714781
2022,6,Nigeria,North,26.777311870635103,165.33582531402715,13.84938143091437,12.0,60657,4039,187,3005,real,45859.0,38513.0,3192.0,2495.0,190.17824517000605,32.193315986694955,2,11.013006810042912,8.303999970955196
2022,7,Nigeria,North,21.57469668315341,260.76992701172355,5.139833507412803,10.335175154912465,66478,3635,187,3005,real,60657.0,45859.0,4039.0,3192.0,165.33582531402715,26.777311870635103,3,11.104641387298265,8.19863945529737
2022,8,Nigeria,North,17.14738226318263,284.2900399924945,41.8429319745299,12.0,51395,2946,187,3005,real,66478.0,60657.0,3635.0,4039.0,260.76992701172355,21.57469668315341,3,10.847315627403372,7.988542982737695
2022,9,Nigeria,North,15.014460806670984,105.10765767267458,38.82530393534005,10.08057393559809,49259,2233,187,3005,real,51395.0,66478.0,2946.0,3635.0,284.2900399924945,17.14738226318263,3,10.804867671674529,7.711548979629146
2022,10,Nigeria,North,18.583490108957875,213.3581199760266,71.36502785884161,12.0,60082,3592,187,3005,real,49259.0,51395.0,2233.0,2946.0,105.10765767267458,15.014460806670984,4,11.003482218613488,8.186742787113518
2022,11,Nigeria,North,21.79224011845665,83.58484301166841,17.198754735410013,12.0,45608,2336,187,3005,real,60082.0,49259.0,3592.0,2233.0,213.3581199760266,18.583490108957875,4,10.727860344448946,7.756623334538858
2022,12,Nigeria,North,23.937637816745195,113.4220270323282,27.53923660670201,10.738274002137302,43164,1670,187,3005,real,45608.0,60082.0,2336.0,3592.0,83.58484301166841,21.79224011845665,4,10.672785260669624,7.421177528595393
2023,1,Nigeria,North,29.91205045561949,123.85168675738306,0.0,9.831998827495823,42726,2220,187,3005,real,43164.0,45608.0,1670.0,2336.0,113.4220270323282,23.937637816745195,1,10.662586317888776,7.7057128238944275
2023,2,Nigeria,North,34.48462577185918,223.8949105304136,0.0,9.850592837210376,41078,2983,187,3005,real,42726.0,43164.0,2220.0,1670.0,123.85168675738306,29.91205045561949,1,10.623252321000344,8.001019961323651
2023,3,Nigeria,North,33.35021046306544,185.77926939682652,31.33497512663262,12.0,46834,3073,187,3005,real,41078.0,42726.0,2983.0,2220.0,223.8949105304136,34.48462577185918,1,10.754386065643232,8.03073492409854
2023,4,Nigeria,North,31.56700822541211,149.6121821429847,0.0,12.0,39100,3251,187,3005,real,46834.0,41078.0,3073.0,2983.0,185.77926939682652,33.35021046306544,2,10.573903321093981,8.087025470667701
2023,5,Nigeria,North,29.390202128567548,192.60600897653683,26.63542291072853,12.0,41388,2729,187,3005,real,39100.0,46834.0,3251.0,3073.0,149.6121821429847,31.56700822541211,2,10.630770424025688,7.912056888179006
2023,6,Nigeria,North,26.98316611195847,189.8554769890888,21.217852184279685,11.384818595115949,58911,3547,187,3005,real,41388.0,39100.0,2729.0,3251.0,192.60600897653683,29.390202128567548,2,10.983800084032804,8.17413934342947
2023,7,Nigeria,North,18.89577914284218,240.8556592251295,23.05712136363993,10.265145414014402,58752,3875,187,3005,real,58911.0,41388.0,3547.0,2729.0,189.8554769890888,26.98316611195847,3,10.981097494532479,8.262558973010657
2023,8,Nigeria,North,15.076697821643233,146.63648759541627,29.06879212595195,12.0,48513,3404,187,3005,real,58752.0,58911.0,3875.0,3547.0,240.8556592251295,18.89577914284218,3,10.789607695065166,8.133000218583613
2023,9,Nigeria,North,16.885011758743616,91.07891726480132,2.691808491221252,10.592300563916112,41030,3019,187,3005,real,48513.0,58752.0,3404.0,3875.0,146.63648759541627,15.076697821643233,3,10.62208315754966,8.013012110368916
2023,10,Nigeria,North,17.78498679957472,199.28004754599127,11.342438940717663,12.0,60965,3595,187,3005,real,41030.0,48513.0,3019.0,3404.0,91.07891726480132,16.885011758743616,4,11.018071610713937,8.18757739559151
2023,11,Nigeria,North,23.080001856118244,204.1756571421286,6.380406199476305,12.0,47465,2638,187,3005,real,60965.0,41030.0,3595.0,3019.0,199.28004754599127,17.78498679957472,4,10.767768944249452,7.878155336503324
2023,12,Nigeria,North,22.407178984871805,146.96044490744185,34.362840591807974,12.0,35771,2232,187,3005,real,47465.0,60965.0,2638.0,3595.0,204.1756571421286,23.080001856118244,4,10.484920743466072,7.711101251840158
2024,1,Nigeria,North,29.144275053834164,35.82434134564392,0.0,12.12729482770644,35295,2117,187,3005,synthetic,35771.0,47465.0,2232.0,2638.0,146.96044490744185,22.407178984871805,1,10.471524922053229,7.658227526161352
2024,2,Nigeria,North,32.4316454720941,182.06986288594143,0.0,10.30780174833917,33223,1814,187,3005,synthetic,35295.0,35771.0,2117.0,2232.0,35.82434134564392,29.144275053834164,1,10.411027785310589,7.503840746698951
2024,3,Nigeria,North,35.039314445680894,154.6211257226769,35.24532190211109,12.004725974824131,44497,2635,187,3005,synthetic,33223.0,35295.0,1814.0,2117.0,182.06986288594143,32.4316454720941,1,10.703199523324104,7.877017895622398
2024,4,Nigeria,North,33.88005941302372,174.18810189489716,0.0,9.269130086514386,47122,2652,187,3005,synthetic,44497.0,33223.0,2635.0,1814.0,154.6211257226769,35.039314445680894,2,10.760516483531394,7.88344635413774
2024,5,Nigeria,North,30.29058492277101,182.1075085354235,35.274939746061875,10.056600609975924,50486,3053,187,3005,synthetic,47122.0,44497.0,2652.0,2635.0,174.18810189489716,33.88005941302372,2,10.829471156381183,8.024207485778577
2024,6,Nigeria,North,26.463339935640175,96.79414419504144,15.057882764705244,12.180831487085948,50091,3230,187,3005,synthetic,50486.0,47122.0,3053.0,2652.0,182.1075085354235,30.29058492277101,2,10.821616593683924,8.080546965824498
2024,7,Nigeria,North,21.896653640192653,215.44995444595887,6.717834048095835,11.278349287731158,53397,3929,187,3005,synthetic,50091.0,50486.0,3230.0,3053.0,96.79414419504144,26.463339935640175,3,10.885528571063377,8.276394704863307
2024,8,Nigeria,North,21.386688143326037,227.6030036761622,42.224869020306,11.588586102388511,53339,3835,187,3005,synthetic,53397.0,50091.0,3929.0,3230.0,215.44995444595887,21.896653640192653,3,10.884441797736006,8.252185436003328
2024,9,Nigeria,North,16.221339116704307,203.99688823114863,32.967660904141624,10.441459596293466,52074,3301,187,3005,synthetic,53339.0,53397.0,3835.0,3929.0,227.6030036761622,21.386688143326037,3,10.860440266129173,8.102283624480073
2024,10,Nigeria,North,19.57777832055908,86.15629327737021,12.590525971834548,10.704757637996316,45654,3264,187,3005,synthetic,52074.0,53339.0,3301.0,3835.0,203.99688823114863,16.221339116704307,4,10.72886840905044,8.09101504171053
2024,11,Nigeria,North,21.50626866598755,73.32725507781137,31.596851289836405,12.114008346705583,46654,3159,187,3005,synthetic,45654.0,52074.0,3264.0,3301.0,86.15629327737021,19.57777832055908,4,10.750535381668122,8.058327306580958
2024,12,Nigeria,North,24.47210323740858,168.47353829778913,24.95242430886916,10.61608708121862,36147,2690,187,3005,synthetic,46654.0,45654.0,3159.0,3264.0,73.32725507781137,21.50626866598755,4,10.495376901021846,7.897668150726906
2025,1,Nigeria,North,29.104725693387973,70.74335300808126,0.0,12.450477832152885,34698,2305,187,3005,synthetic,36147.0,46654.0,2690.0,3159.0,168.47353829778913,24.47210323740858,1,10.454466147075888,7.743269700829004
2025,2,Nigeria,North,32.4597714104315,168.50919605375253,16.460665134335713,10.551001152819868,36186,1991,187,3005,synthetic,34698.0,36147.0,2305.0,2690.0,70.74335300808126,29.104725693387973,1,10.496455217294162,7.596894438144544
2025,3,Nigeria,North,33.80733196248209,195.92775524677728,27.695758409759563,11.995212513783365,45911,2046,187,3005,synthetic,36186.0,34698.0,1991.0,2305.0,168.50919605375253,32.4597714104315,1,10.734481799788199,7.624130585661289
2025,4,Nigeria,North,31.233576005702105,125.2232175205684,37.45423607199511,11.182978847791668,44854,2417,187,3005,synthetic,45911.0,36186.0,2046.0,1991.0,195.92775524677728,33.80733196248209,2,10.711190343993383,7.790696031174738
2025,5,Nigeria,North,29.7162580275849,201.2943601365316,33.39396369800578,11.655980116189568,45453,2265,187,3005,synthetic,44854.0,45911.0,2417.0,2046.0,125.2232175205684,31.233576005702105,2,10.724456104533958,7.725771441587952
2025,6,Nigeria,North,28.059799104399502,185.2141001775705,24.38982070875812,12.307786045785132,45514,3133,187,3005,synthetic,45453.0,44854.0,2265.0,2417.0,201.2943601365316,29.7162580275849,2,10.72579722093939,8.050065422915965
2025,7,Nigeria,North,20.360065234612097,186.0488929708453,0.0,9.675543367320136,52412,3196,187,3005,synthetic,45514.0,45453.0,3133.0,2265.0,185.2141001775705,28.059799104399502,3,10.866909931142555,8.069968149059841
2025,8,Nigeria,North,17.071178435794693,248.12229624184369,49.46015714490446,11.498930657981056,65160,3956,187,3005,synthetic,52412.0,45514.0,3196.0,3133.0,186.0488929708453,20.360065234612097,3,11.084616409436771,8.283241441385425
2025,9,Nigeria,North,17.25914596911622,158.65961229646462,5.211412642147057,11.21811631425734,54303,3228,187,3005,synthetic,65160.0,52412.0,3956.0,3196.0,248.12229624184369,17.071178435794693,3,10.902353168033953,8.079927770758275
2025,10,Nigeria,North,18.970103597509134,287.8349842924706,15.005379045178678,10.370255767158698,58494,3358,187,3005,synthetic,54303.0,65160.0,3228.0,3956.0,158.65961229646462,17.25914596911622,4,10.976696559481702,8.119398589612294
2025,11,Nigeria,North,20.08035538161749,204.19465800565507,58.45049611585382,10.949526865346016,41932,2711,187,3005,synthetic,58494.0,54303.0,3358.0,3228.0,287.8349842924706,18.970103597509134,4,10.643828385423177,7.905441649060286
2025,12,Nigeria,North,23.02604375757376,174.03049392060382,27.062279447201977,10.70584961460038,43430,1829,187,3005,synthetic,41932.0,58494.0,2711.0,3358.0,204.19465800565507,20.08035538161749,4,10.678928750822154,7.512071245835466
2020,3,Togo,Central,34.98799391257209,130.2194415309005,69.27557904920693,8.78522186067582,17995,1368,152,1536,real,17349.0,22667.0,1291.0,1221.0,154.81854067643502,33.73902339313753,1,9.797904789961063,7.221835825288449
2020,4,Togo,Central,31.544160495399385,47.900497332917006,38.27462955396598,12.0,23605,1891,152,1536,real,17995.0,17349.0,1368.0,1291.0,130.2194415309005,34.98799391257209,2,10.069256195989015,7.545389749611823
2020,5,Togo,Central,30.195904525215195,4.594584412039552,63.10602766367157,12.0,21460,1938,152,1536,real,23605.0,17995.0,1891.0,1368.0,47.900497332917006,31.544160495399385,2,9.973992613421482,7.569927655242652
2020,6,Togo,Central,26.19994249028391,90.36514613328664,42.79871229887844,12.0,24842,2753,152,1536,real,21460.0,23605.0,1938.0,1891.0,4.594584412039552,30.195904525215195,2,10.12033130170181,7.9208096792886
2020,7,Togo,Central,22.97035304792813,127.29217698472095,64.73933880979861,11.170489269090597,25702,2527,152,1536,real,24842.0,21460.0,2753.0,1938.0,90.36514613328664,26.19994249028391,3,10.154362995588228,7.835183755266748
2020,8,Togo,Central,22.853994556161325,77.02224478774511,64.09815383749724,11.504006808306896,22304,2525,152,1536,real,25702.0,24842.0,2527.0,2753.0,127.29217698472095,22.97035304792813,3,10.012566147562366,7.8343923029104365
2020,9,Togo,Central,14.560060312319491,47.464578563415074,62.3799395085134,10.55127836148731,17554,2036,152,1536,real,22304.0,25702.0,2525.0,2527.0,77.02224478774511,22.853994556161325,3,9.773094088602532,7.619233416226805
2020,10,Togo,Central,16.463127670158357,0.0,60.89137341404552,12.0,20094,2099,152,1536,real,17554.0,22304.0,2036.0,2525.0,47.464578563415074,14.560060312319491,4,9.908226306883302,7.649692623711514
2020,11,Togo,Central,20.281840062186227,49.011036298971135,80.90428829351677,12.0,16406,1647,152,1536,real,20094.0,17554.0,2099.0,2036.0,0.0,16.463127670158357,4,9.705463352014883,7.4073177104694174
2020,12,Togo,Central,20.079513966530023,72.3847050150201,66.95908910399761,12.0,13762,1360,152,1536,real,16406.0,20094.0,1647.0,2099.0,49.011036298971135,20.281840062186227,4,9.529739110979532,7.215975002651466
2021,1,Togo,Central,29.50485561469548,44.78392458378486,70.6077560548248,12.0,16140,1448,152,1536,real,13762.0,16406.0,1360.0,1647.0,72.3847050150201,20.079513966530023,1,9.68911789777328,7.278628942320682
2021,2,Togo,Central,31.059296714320904,61.56597473475399,80.08706825212697,9.293940290189544,18202,1676,152,1536,real,16140.0,13762.0,1448.0,1360.0,44.78392458378486,29.50485561469548,1,9.809341694645898,7.424761761823209
2021,3,Togo,Central,32.928987045288345,24.901868989172904,55.68327339581718,12.0,25170,2007,152,1536,real,18202.0,16140.0,1676.0,1448.0,61.56597473475399,31.059296714320904,1,10.13344781717726,7.60489448081162
2021,4,Togo,Central,32.651367253966384,25.117160930888687,37.20107131135914,12.0,20290,1945,152,1536,real,25170.0,18202.0,2007.0,1676.0,24.901868989172904,32.928987045288345,2,9.917932716967623,7.57353126274595
2021,5,Togo,Central,26.26144876772718,113.70548522584218,37.3986858564512,12.0,21930,1900,152,1536,real,20290.0,25170.0,1945.0,2007.0,25.117160930888687,32.651367253966384,2,9.995656440007505,7.550135342488429
2021,6,Togo,Central,23.65512200097232,171.74152115352803,34.08934565694159,8.975929746859617,22882,2358,152,1536,real,21930.0,20290.0,1900.0,1945.0,113.70548522584218,26.26144876772718,2,10.038149555779524,7.765993079407675
2021,7,Togo,Central,16.33725073614104,111.1454748260888,67.41532194953768,12.0,25110,2670,152,1536,real,22882.0,21930.0,2358.0,1900.0,171.74152115352803,23.65512200097232,3,10.131061276129653,7.890208213109961
2021,8,Togo,Central,14.792226926216406,114.50053202474338,55.32961375562712,10.543529377181104,26332,1924,152,1536,real,25110.0,22882.0,2670.0,2358.0,111.1454748260888,16.33725073614104,3,10.178578184473086,7.562681246721884
2021,9,Togo,Central,17.421953379631844,81.24605192814116,74.97006469320226,10.968369137568777,21401,1388,152,1536,real,26332.0,25110.0,1924.0,2670.0,114.50053202474338,14.792226926216406,3,9.971239654586947,7.236339342754344
2021,10,Togo,Central,19.07675867037129,80.22424630370172,48.92078520680749,11.645258336380058,26428,2399,152,1536,real,21401.0,26332.0,1388.0,1924.0,81.24605192814116,17.421953379631844,4,10.182217171089883,7.783224016336037
2021,11,Togo,Central,16.084357890918653,146.53568747432286,43.7767908931414,12.0,20159,1513,152,1536,real,26428.0,21401.0,2399.0,1388.0,80.22424630370172,19.07675867037129,4,9.911455722185305,7.322510433997394
2021,12,Togo,Central,23.40357188611533,43.73947121304391,62.421900379893245,11.077988669159858,17205,1368,152,1536,real,20159.0,26428.0,1513.0,2399.0,146.53568747432286,16.084357890918653,4,9.753013439181293,7.221835825288449
2022,1,Togo,Central,25.167297641294304,123.43607160168006,47.086580598363255,8.874465444586221,15371,1099,152,1536,real,17205.0,20159.0,1368.0,1513.0,43.73947121304391,23.40357188611533,1,9.640302951684735,7.003065458786462
2022,2,Togo,Central,29.61315827343192,60.25254407828004,36.60648013894848,10.96039994807266,19818,998,152,1536,real,15371.0,17205.0,1099.0,1368.0,123.43607160168006,25.167297641294304,1,9.894396352524348,6.906754778648554
2022,3,Togo,Central,33.564608755347564,92.8516714805313,14.979491497787208,8.603837792783288,17680,1536,152,1536,real,19818.0,15371.0,998.0,1099.0,60.25254407828004,29.61315827343192,1,9.780245895678089,7.337587743538596
2022,4,Togo,Central,30.95754736002691,91.14818754666116,40.14246531245317,11.687017378006871,17219,1771,152,1536,real,17680.0,19818.0,1536.0,998.0,92.8516714805313,33.564608755347564,2,9.753826777981722,7.4798641311650265
2022,5,Togo,Central,31.62799759310265,82.03434675282114,101.74838148634736,12.0,16864,1630,152,1536,real,17219.0,17680.0,1771.0,1536.0,91.14818754666116,30.95754736002691,2,9.732995747495751,7.396948602621014
2022,6,Togo,Central,25.098594314001883,26.490065265901904,69.528713252418,12.0,21236,1362,152,1536,real,16864.0,17219.0,1630.0,1771.0,82.03434675282114,31.62799759310265,2,9.963500222442299,7.217443431696533
2022,7,Togo,Central,20.304017105888928,170.12584268482,66.57199834247506,6.303366599892424,24504,2043,152,1536,real,21236.0,16864.0,1362.0,1630.0,26.490065265901904,25.098594314001883,3,10.106632457343649,7.622663951323595
2022,8,Togo,Central,18.12879116844212,7.768881704613932,62.169718313727486,9.42536018153718,25973,2173,152,1536,real,24504.0,21236.0,2043.0,1362.0,170.12584268482,20.304017105888928,3,10.164851316670035,7.684324067681155
2022,9,Togo,Central,20.96629000282616,60.00686295586068,72.36185074775887,11.118006766320208,31017,1951,152,1536,real,25973.0,24504.0,2173.0,2043.0,7.768881704613932,18.12879116844212,3,10.342322960119398,7.5766097669730375
2022,10,Togo,Central,17.409346338513128,80.9294970885129,42.27665785566603,12.0,23919,2053,152,1536,real,31017.0,25973.0,1951.0,2173.0,60.00686295586068,20.96629000282616,4,10.082470208064567,7.627544390488503
2022,11,Togo,Central,20.015125553785666,70.0460089122848,25.94941529062584,12.0,17782,1672,152,1536,real,23919.0,31017.0,2053.0,1951.0,80.9294970885129,17.409346338513128,4,9.785998223743661,7.422373700986824
2022,12,Togo,Central,23.57012290926985,88.5523602054082,50.98275940228491,12.0,18323,1706,152,1536,real,17782.0,23919.0,1672.0,2053.0,70.0460089122848,20.015125553785666,4,9.815966955006633,7.442492722794441
2023,1,Togo,Central,32.610538310621976,70.40691548148246,75.96356797096819,12.0,15281,1523,152,1536,real,18323.0,17782.0,1706.0,1672.0,88.5523602054082,23.57012290926985,1,9.634430944207512,7.329093736246591
2023,2,Togo,Central,31.53271984698624,82.61936248452503,104.66767025352186,11.99163513214841,19124,1501,152,1536,real,15281.0,18323.0,1523.0,1706.0,70.40691548148246,32.610538310621976,1,9.858751658694736,7.31455283232408
2023,3,Togo,Central,32.870756475479965,42.968601465593096,83.80803816861678,11.788209584495014,18225,1834,152,1536,real,19124.0,15281.0,1501.0,1523.0,82.61936248452503,31.53271984698624,1,9.810604425056072,7.51479976048867
2023,4,Togo,Central,33.17264794291252,97.51130494547677,51.28030343092959,9.332274354565826,18676,2047,152,1536,real,18225.0,19124.0,1834.0,1501.0,42.968601465593096,32.870756475479965,2,9.835048099313607,7.6246189861593985
2023,5,Togo,Central,32.92290713152563,0.0,46.96527586925221,12.0,20077,1677,152,1536,real,18676.0,18225.0,2047.0,1834.0,97.51130494547677,33.17264794291252,2,9.907379967251472,7.425357887027151
2023,6,Togo,Central,24.70517451185112,120.93189531708184,74.22882562784343,12.0,32280,2084,152,1536,real,20077.0,18676.0,1677.0,2047.0,0.0,32.92290713152563,2,10.382234100838373,7.642524134232902
2023,7,Togo,Central,19.06477478404988,49.79265486714857,27.02422180816053,12.0,24628,1953,152,1536,real,32280.0,20077.0,2084.0,1677.0,120.93189531708184,24.70517451185112,3,10.111679889397125,7.577633832602728
2023,8,Togo,Central,17.959611597268704,61.09870344402583,24.43033730971611,9.80141540385193,25057,1961,152,1536,real,24628.0,32280.0,1953.0,2084.0,49.79265486714857,19.06477478404988,3,10.128948416805498,7.581719640125308
2023,9,Togo,Central,18.39803780260261,28.223366087189383,56.56756582305218,12.0,21912,1808,152,1536,real,25057.0,24628.0,1961.0,1953.0,61.09870344402583,17.959611597268704,3,9.994835346995403,7.500529485395295
2023,10,Togo,Central,11.835117397376138,67.69485252555567,68.41169839393092,12.0,23070,2430,152,1536,real,21912.0,25057.0,1808.0,1961.0,28.223366087189383,18.39803780260261,4,10.046331696565609,7.796057974316123
2023,11,Togo,Central,19.97457305809745,73.574977186623,78.84801259835903,12.0,23210,1767,152,1536,real,23070.0,21912.0,2430.0,1808.0,67.69485252555567,11.835117397376138,4,10.052381583217564,7.477604243197589
2023,12,Togo,Central,25.173687631063604,4.685384099218183,54.08203478658383,10.324334169631523,20281,1194,152,1536,real,23210.0,23070.0,1767.0,2430.0,73.574977186623,19.97457305809745,4,9.917489072171941,7.085901464365611
2024,1,Togo,Central,27.09190903349507,68.22919218878148,60.75990317078106,11.267037453673598,17262,1684,152,1536,synthetic,20281.0,23210.0,1194.0,1767.0,4.685384099218183,25.173687631063604,1,9.756320761816548,7.429520842786462
2024,2,Togo,Central,31.18177606424145,54.256688278721874,0.0,10.121909884271709,15720,1491,152,1536,synthetic,17262.0,20281.0,1684.0,1194.0,68.22919218878148,27.09190903349507,1,9.662752677191515,7.307872780763706
2024,3,Togo,Central,33.073186685902975,83.45704423162498,55.449960986282136,12.505655511007564,16277,1609,152,1536,synthetic,15720.0,17262.0,1491.0,1684.0,54.256688278721874,31.18177606424145,1,9.697569781886987,7.383989457978509
2024,4,Togo,Central,31.581632995488054,101.71610154758854,46.15374010183498,13.655843731690837,18603,2121,152,1536,synthetic,16277.0,15720.0,1609.0,1491.0,83.45704423162498,33.073186685902975,2,9.831131890343988,7.660114319173928
2024,5,Togo,Central,31.961501234567493,112.96320937674729,85.57774115389405,12.005072740311071,20928,1915,152,1536,synthetic,18603.0,16277.0,2121.0,1609.0,101.71610154758854,31.581632995488054,2,9.948891035989977,7.557994958530806
2024,6,Togo,Central,26.381683058382787,141.7748844124174,51.86385055695443,11.467285821015029,33521,3127,152,1536,synthetic,20928.0,18603.0,1915.0,2121.0,112.96320937674729,31.961501234567493,2,10.419957218687204,8.048149101665201
2024,7,Togo,Central,20.688430320184832,94.97575930222295,57.00257875471192,13.881816907932524,23911,2462,152,1536,synthetic,33521.0,20928.0,3127.0,1915.0,141.7748844124174,26.381683058382787,3,10.082135703963774,7.809135398120538
2024,8,Togo,Central,13.901932705306749,98.15832986060508,63.415485248081,12.323314523296036,22952,2004,152,1536,synthetic,23911.0,33521.0,2462.0,3127.0,94.97575930222295,20.688430320184832,3,10.041203925899962,7.60339933974067
2024,9,Togo,Central,18.49916624491761,89.3513044305725,65.74967113361507,11.33227928276744,26061,3039,152,1536,synthetic,22952.0,23911.0,2004.0,2462.0,98.15832986060508,13.901932705306749,3,10.168233593704851,8.019612794400267
2024,10,Togo,Central,14.806967888832473,64.71040916714529,67.73842375165611,11.718975558578704,28734,2364,152,1536,synthetic,26061.0,22952.0,3039.0,2004.0,89.3513044305725,18.49916624491761,4,10.265871170941843,7.768533300926033
2024,11,Togo,Central,21.500230828206703,19.93933165808028,42.27247067828996,12.003772118750645,25562,1960,152,1536,synthetic,28734.0,26061.0,2364.0,3039.0,64.71040916714529,14.806967888832473,4,10.148901272496065,7.581209826196346
2024,12,Togo,Central,21.86346044246088,121.54613073796877,47.92626805831387,9.546348084256987,18265,1670,152,1536,synthetic,25562.0,28734.0,1960.0,2364.0,19.93933165808028,21.500230828206703,4,9.812796687251625,7.421177528595393
2025,1,Togo,Central,25.83719652176459,104.27739315681764,59.6891568969563,9.883284287442482,15271,1684,152,1536,synthetic,18265.0,25562.0,1670.0,1960.0,121.54613073796877,21.86346044246088,1,9.633776365405584,7.429520842786462
2025,2,Togo,Central,32.60411727803473,85.39665624114862,141.04416571568123,9.685938829739502,16948,1857,152,1536,synthetic,15271.0,18265.0,1684.0,1670.0,104.27739315681764,25.83719652176459,1,9.737964114018055,7.527255919373784
2025,3,Togo,Central,33.54273932708433,84.39375365517101,48.78841667400544,10.949414880938228,21275,1887,152,1536,synthetic,16948.0,15271.0,1857.0,1684.0,85.39665624114862,32.60411727803473,1,9.965334955862208,7.543273346705446
2025,4,Togo,Central,31.997540965895062,104.25839736524722,43.95073788392916,11.848676633569005,24607,1668,152,1536,synthetic,21275.0,16948.0,1887.0,1857.0,84.39375365517101,33.54273932708433,2,10.11082687230537,7.419979923661835
2025,5,Togo,Central,32.11219301929727,125.46586849558236,67.87895674277863,12.007090037575884,24366,2044,152,1536,synthetic,24607.0,21275.0,1668.0,1887.0,104.25839736524722,31.997540965895062,2,10.100985036866753,7.623153068476902
2025,6,Togo,Central,24.196809433045708,211.74376371261368,54.36900860851854,9.066292473069185,23877,1981,152,1536,synthetic,24366.0,24607.0,2044.0,1668.0,125.46586849558236,32.11219301929727,2,10.080712811905334,7.591861714889934
2025,7,Togo,Central,21.99336364416382,82.04687480937918,47.66986253267592,5.175758885588657,28770,3018,152,1536,synthetic,23877.0,24366.0,1981.0,2044.0,211.74376371261368,24.196809433045708,3,10.267123214370452,8.012680929706839
2025,8,Togo,Central,13.155296679988288,98.7856985337663,66.00417293160584,10.712858989886035,30321,2642,152,1536,synthetic,28770.0,23877.0,3018.0,1981.0,82.04687480937918,21.99336364416382,3,10.319628800641526,7.879669914604289
2025,9,Togo,Central,17.82701388413611,28.448563275322645,79.50921647616475,11.70297686492644,27821,2254,152,1536,synthetic,30321.0,28770.0,2642.0,3018.0,98.7856985337663,13.155296679988288,3,10.233582353619516,7.720905251936779
2025,10,Togo,Central,16.844489968419925,0.0,52.22122684261471,11.78353062826637,24738,2110,152,1536,synthetic,27821.0,30321.0,2254.0,2642.0,28.448563275322645,17.82701388413611,4,10.116136224757685,7.65491704784832
2025,11,Togo,Central,22.716182949679094,112.07703800105747,41.94139041256046,12.005725827813562,22590,1512,152,1536,synthetic,24738.0,27821.0,2110.0,2254.0,0.0,16.844489968419925,4,10.025306875857222,7.321849713788356
2025,12,Togo,Central,23.18488478604372,28.54040446240545,63.76377234939929,11.67345557179044,19926,1304,152,1536,synthetic,22590.0,24738.0,1512.0,2110.0,112.07703800105747,22.716182949679094,4,9.899830875032585,7.173958319756794
